"Recurso","Enlace","Tipo"
"Advangle","http://advangle.com","Buscador genérico"
"Aol","http://search.aol.com","Buscador genérico"
"Ask","http://www.ask.com","Buscador genérico"
"Bing","http://www.bing.com","Buscador genérico"
"DuckDuckGo","https://duckduckgo.com","Buscador genérico"
"Gigablast","http://gigablast.com","Buscador genérico"
"Goodsearch","http://www.goodsearch.com","Buscador genérico"
"Google Search","http://www.google.com","Buscador genérico"
"Instya","http://www.instya.com","Buscador genérico"
"Impersonal.me","http://www.impersonal.me","Buscador genérico"
"iSEEK Education","http://education.iseek.com/iseek/home.page","Buscador genérico"
"ixquick","https://www.ixquick.com","Buscador genérico"
"Lycos","http://www.lycos.com","Buscador genérico"
"Search.com","http://www.search.com","Buscador genérico"
"SurfCanyon","http://www.surfcanyon.com","Buscador genérico"
"Teoma","http://www.teoma.com","Buscador genérico"
"Wolfram Alpha","http://www.wolframalpha.com","Buscador genérico"
"Yahoo! Search","http://www.yahoo.com","Buscador genérico"
"Alleba (Filipinas)","http://www.alleba.com","Buscador local"
"Baidu (China)","http://www.baidu.com","Buscador local"
"Eniro (Suecia)","http://www.eniro.se","Buscador local"
"Goo (Japan)","http://www.goo.ne.jp","Buscador local"
"Najdsi (Eslovenia)","http://www.najdi.si","Buscador local"
"Naver (Corea del Sur)","http://www.naver.com","Buscador local"
"Onet.pl (Polonia)","http://www.onet.pl","Buscador local"
"Orange (Francia)","http://www.orange.fr","Buscador local"
"Parseek (Iran)","http://www.parseek.com","Buscador local"
"SAPO (Portugal)","http://www.sapo.pt","Buscador local"
"Search.ch (Suiza)","http://www.search.ch","Buscador local"
"Walla (Israel)","http://www.walla.co.il","Buscador local"
"Yandex (Rusia)","http://www.yandex.com","Buscador local"
"All-in-One","http://all-io.net","Meta buscador"
"AllTheInternet","http://www.alltheinternet.com","Meta buscador"
"Etools","http://www.etools.ch","Meta buscador"
"FaganFinder","http://www.faganfinder.com/engines","Meta buscador"
"Goofram","http://www.goofram.com","Meta buscador"
"iZito","http://www.izito.com","Meta buscador"
"Nextaris","http://www.nextaris.com","Meta buscador"
"Metabear","http://www.metabear.com","Meta buscador"
"Myallsearch","http://www.myallsearch.com","Meta buscador"
"Qwant","http://www.qwant.com","Meta buscador"
"Sputtr","http://www.sputtr.com","Meta buscador"
"Trovando","http://www.trovando.it","Meta buscador"
"WebOasis","https://weboas.is/","Meta buscador"
"Zapmeta","http://www.zapmeta.com","Meta buscador"
"2lingual Search","http://www.2lingual.com","Buscador especializado"
"Biznar","http://biznar.com","Buscador especializado"
"CiteSeerX","http://citeseer.ist.psu.edu","Buscador especializado"
"Digle","https://www.digle.com","Buscador especializado"
"Google Custom Search","http://www.google.com/cse","Buscador especializado"
"Harmari (Unified Listings Search)","https://www.harmari.com/search/unified","Buscador especializado"
"Internet Archive","https://archive.org/","Buscador especializado"
"Million Short","https://millionshort.com","Buscador especializado"
"WorldWideScience.org","http://worldwidescience.org","Buscador especializado"
"Zanran","http://zanran.com","Buscador especializado"
"Carrot2","http://search.carrot2.org","Buscador visual"
"Yippy","http://yippy.com","Buscador visual"
"Google Similar Pages","https://chrome.google.com/webstore/detail/google-similar-pages/pjnfggphgdjblhfjaphkjhfpiiekbbej","Buscadores por similitud"
"SimilarSites","http://www.similarsites.com","Buscadores por similitud"
"SitesLike","http://www.siteslike.com","Buscadores por similitud"
"Authorstream","http://www.authorstream.com","Buscador de contenidos"
"Find-pdf-doc","http://www.findpdfdoc.com","Buscador de contenidos"
"Free Full PDF","http://www.freefullpdf.com","Buscador de contenidos"
"Offshore Leak Database","https://offshoreleaks.icij.org","Buscador de contenidos"
"PasteLert","http://andrewmohawk.com/pasteLert/index.php","Buscador de contenidos"
"PDF Search Engine","http://www.pdfsearchengine.info","Buscador de contenidos"
"RECAP","http://archive.recapthelaw.org","Buscador de contenidos"
"Scribd","http://www.scribd.com","Buscador de contenidos"
"SlideShare","http://www.slideshare.net","Buscador de contenidos"
"Slideworld","http://www.slideworld.com","Buscador de contenidos"
"soPDF.com","http://www.sopdf.com","Buscador de contenidos"
"PasteLert","http://andrewmohawk.com/pasteLert","Buscador código"
"NerdyData","https://search.nerdydata.com","Buscador código"
"SearchCode","https://searchcode.com","Buscador código"
"Draugiem (Letonia)","https://www.draugiem.lv","Redes Sociales"
"Facebook","http://www.facebook.com","Redes Sociales"
"Facenama (Iran)","http://facenama.com","Redes Sociales"
"Instagram","https://www.instagram.com","Redes Sociales"
"Linkedin","https://www.linkedin.com","Redes Sociales"
"Mixi (Japón)","https://mixi.jp","Redes Sociales"
"Odnoklassniki (Rusia)","http://ok.ru","Redes Sociales"
"Pinterest","http://www.pinterest.com","Redes Sociales"
"Qzone (China)","http://qzone.qq.com","Redes Sociales"
"Reddit","https://www.reddit.com","Redes Sociales"
"Taringa (Iberomérica)","http://www.taringa.net","Redes Sociales"
"Tinder","https://www.gotinder.com","Redes Sociales"
"Tumblr","https://www.tumblr.com","Redes Sociales"
"Twitter","https://twitter.com","Redes Sociales"
"Weibo (China)","http://weibo.com","Redes Sociales"
"VKontakte","https://vk.com","Redes Sociales"
"Xing","https://www.xing.com","Redes Sociales"
"Audiense","https://www.audiense.com","Redes Sociales"
"Bottlenose","http://bottlenose.com","Redes Sociales"
"Brandwatch","https://www.brandwatch.com","Redes Sociales"
"Buffer","https://buffer.com","Redes Sociales"
"Buzz sumo","http://buzzsumo.com","Redes Sociales"
"Geocreepy","http://www.geocreepy.com","Redes Sociales"
"Geofeedia","https://geofeedia.com","Redes Sociales"
"Hootsuite","http://hootsuite.com","Redes Sociales"
"Hashtatit","http://www.hashatit.com","Redes Sociales"
"Klear","http://klear.com","Redes Sociales"
"Kred","http://kred.com","Redes Sociales"
"MustBePresent","http://mustbepresent.com","Redes Sociales"
"Netvibes","http://www.netvibes.com","Redes Sociales"
"OpinionCrawl","http://www.opinioncrawl.com","Redes Sociales"
"Rival IQ","https://www.rivaliq.com","Redes Sociales"
"RSS Social Analyzer","https://chrome.google.com/webstore/detail/rss-social-analyzer/ncmajlpbfckecekfamgfkmckbpihjfdn?hl=en","Redes Sociales"
"SocialBakers","http://www.socialbakers.com","Redes Sociales"
"SociaBlade","http://socialblade.com","Redes Sociales"
"Social DownORNot","http://social.downornot.com","Redes Sociales"
"Social Searcher","http://www.social-searcher.com","Redes Sociales"
"Tagboard","https://tagboard.com","Redes Sociales"
"Trackur","http://www.trackur.com","Redes Sociales"
"UVRX","http://www.uvrx.com/social.html","Redes Sociales"
"Tumblr Search","http://www.tumblr.com/search","Redes Sociales"
"FTL","https://chrome.google.com/webstore/detail/findthatlead/lkpekgkhmldknbcgjicjkomphkhhdkjj?hl=es-ES","Redes Sociales"
"BlogSearchEngine","http://www.blogsearchengine.org","Buscador blogs"
"Icerocket","http://www.icerocket.com","Buscador blogs"
"Notey","http://www.notey.com","Buscador blogs"
"Sphere","https://www.sphere.com","Buscador blogs"
"Twingly","http://www.twingly.com","Buscador blogs"
"Boardreader","http://boardreader.com","Buscador foros"
"Facebook Groups","https://www.facebook.com","Buscador foros"
"Google Groups","https://groups.google.com","Buscador foros"
"Linkedin Groups","http://www.linkedin.com","Buscador foros"
"Ning","http://www.ning.com","Buscador foros"
"Omgili","http://omgili.com","Buscador foros"
"Xing Groups","https://www.xing.com/communities","Buscador foros"
"Yahoo Groups","https://groups.yahoo.com","Buscador foros"
"Backtweets","http://backtweets.com","Herramientas Twitter"
"Blue Nod","http://bluenod.com","Herramientas Twitter"
"burrrd.","https://burrrd.com","Herramientas Twitter"
"Crate","https://getcrate.co","Herramientas Twitter"
"doesfollow","https://doesfollow.com","Herramientas Twitter"
"Fake Follower Check","https://fakers.statuspeople.com","Herramientas Twitter"
"FirstTweet","https://discover.twitter.com/first-tweet#i_intelligence","Herramientas Twitter"
"First Tweet","http://ctrlq.org/first","Herramientas Twitter"
"Foller.me","http://foller.me","Herramientas Twitter"
"FollowCheck","http://followcheck.com","Herramientas Twitter"
"Followerwonk","http://followerwonk.com","Herramientas Twitter"
"Geochirp","http://www.geochirp.com","Herramientas Twitter"
"GeoSocial Footprint","http://geosocialfootprint.com","Herramientas Twitter"
"GetTwitterID","http://gettwitterid.com","Herramientas Twitter"
"Gigatweeter","http://gigatweeter.com","Herramientas Twitter"
"Ground Signal","https://www.groundsignal.com","Herramientas Twitter"
"HappyGrumpy","https://www.happygrumpy.com","Herramientas Twitter"
"Harvard TweetMap","http://worldmap.harvard.edu/tweetmap","Herramientas Twitter"
"Hashtagify","http://hashtagify.me","Herramientas Twitter"
"Hashtags.org","http://www.hashtags.org","Herramientas Twitter"
"ManageFlitter","http://manageflitter.com","Herramientas Twitter"
"Mentionmapp","http://mentionmapp.com","Herramientas Twitter"
"Nations24","https://nations24.com","Herramientas Twitter"
"OneMillionTweetMap","http://onemilliontweetmap.com","Herramientas Twitter"
"Queryfeed","https://queryfeed.net","Herramientas Twitter"
"Rank Speed","http://www.rankspeed.com","Herramientas Twitter"
"Riffle","http://crowdriff.com/riffle/","Herramientas Twitter"
"RiteTag","https://ritetag.com","Herramientas Twitter"
"Sentiment140","http://www.twittersentiment.appspot.com","Herramientas Twitter"
"SnapBird","http://snapbird.org","Herramientas Twitter"
"Sleeping Time","http://sleepingtime.org","Herramientas Twitter"
"Social Bearing","http://www.socialbearing.com","Herramientas Twitter"
"Social Rank First Follower","http://socialrank.com/firstfollower","Herramientas Twitter"
"Spoonbill","http://spoonbill.io","Herramientas Twitter"
"Tagdef","https://tagdef.com","Herramientas Twitter"
"TeachingPrivacy","http://app.teachingprivacy.com","Herramientas Twitter"
"Tinfoleak","https://tinfoleak.com","Herramientas Twitter"
"Trends24","http://trends24.in","Herramientas Twitter"
"TrendsMap","http://trendsmap.com","Herramientas Twitter"
"Ttrends","https://ttrends.co","Herramientas Twitter"
"Twazzup","http://www.twazzup.com","Herramientas Twitter"
"twbirthday","http://twbirthday.com","Herramientas Twitter"
"TwChat","http://twchat.com","Herramientas Twitter"
"tweepsect","http://tweepsect.com","Herramientas Twitter"
"TweetArchivist","http://www.tweetarchivist.com","Herramientas Twitter"
"TweetDeck","https://www.tweetdeck.com","Herramientas Twitter"
"Tweeten","http://tweeten.xyz","Herramientas Twitter"
"TweetMap","http://mapd.csail.mit.edu/tweetmap","Herramientas Twitter"
"TweetMap","http://worldmap.harvard.edu/tweetmap","Herramientas Twitter"
"Tweetpaths","http://www.tweetpaths.com","Herramientas Twitter"
"TweetPsych","http://tweetpsych.com","Herramientas Twitter"
"Tweetreach","http://tweetreach.com","Herramientas Twitter"
"TweetStats","http://www.tweetstats.com","Herramientas Twitter"
"Tweet Tag","http://www.tweet-tag.com","Herramientas Twitter"
"TweetTunnel","http://tweettunnel.com","Herramientas Twitter"
"Twellow","http://www.twellow.com","Herramientas Twitter"
"Tweriod","http://www.tweriod.com","Herramientas Twitter"
"Twiangulate","http://www.twiangulate.com","Herramientas Twitter"
"Twicsy","http://twicsy.com","Herramientas Twitter"
"Twilert","http://www.twilert.com","Herramientas Twitter"
"Twipho","http://www.twipho.net","Herramientas Twitter"
"Twitonomy","http://www.twitonomy.com","Herramientas Twitter"
"TwitRSS","https://twitrss.me","Herramientas Twitter"
"Twitter Advanced Search","https://twitter.com/search-advanced?lang=en","Herramientas Twitter"
"Twitter Audit","https://www.twitteraudit.com","Herramientas Twitter"
"Twitter Chat Schedule","http://tweetreports.com/twitter-chat-schedule","Herramientas Twitter"
"Twitter Counter","http://twittercounter.com","Herramientas Twitter"
"Twitterfall","http://twitterfall.com","Herramientas Twitter"
"Twitter Search","http://search.twitter.com","Herramientas Twitter"
"TWUBS Twitter Chat","http://twubs.com/twitter-chats","Herramientas Twitter"
"Schedule Warble","https://warble.co","Herramientas Twitter"
"Agora Pulse","http://barometer.agorapulse.com","Herramientas Facebook"
"Commun.it","http://commun.it","Herramientas Twitter"
"DumpItBlue","http://le-tools.com/DumpItBlue.html","Herramientas Twitter"
"Fanpage Karma","http://www.fanpagekarma.com","Herramientas Twitter"
"Facebook Search","http://search.fb.com/","Herramientas Twitter"
"Facebook Search Tool","http://netbootcamp.org/facebook.html","Herramientas Twitter"
"Fb-sleep-stats","https://github.com/sqren/fb-sleep-stats","Herramientas Twitter"
"Find my Facebook ID","https://findmyfbid.in","Herramientas Twitter"
"Lookup-ID.com","https://lookup-id.com","Herramientas Twitter"
"SearchIsBack","https://searchisback.com","Herramientas Twitter"
"Wolfram Alpha Facebook Report","http://www.wolframalpha.com/input/?i=facebook+report","Herramientas Twitter"
"Zesty Facebook Search","http://zesty.ca/facebook","Herramientas Twitter"
"Hashtagify","http://hashtagify.me","Herramientas Instagram"
"Iconosquare","http://iconosquare.com","Herramientas Instagram"
"Picodash","https://www.picodash.com","Herramientas Instagram"
"SnapMap","https://snapmap.knightlab.com/","Herramientas Instagram"
"Social Rank","https://www.socialrank.com","Herramientas Instagram"
"Toutatis","https://github.com/megadose/toutatis","Herramientas Instagram"
"Worldcam","http://worldc.am","Herramientas Instagram"
"Pingroupie","http://pingroupie.com","Herramientas Pinterest"
"Imgur","http://imgur.com/search?q=","Herramientas Reddit"
"Mostly Harmless","http://kerrick.github.io/Mostly-Harmless/#features","Herramientas Reddit"
"Reddit Archive","http://www.redditarchive.com","Herramientas Reddit"
"Reddit Suite","https://chrome.google.com/webstore/detail/reddit-enhancement-suite/kbmfpngjjgdllneeigpgjifpgocmfgmb","Herramientas Reddit"
"Reddit Investigator","http://www.redditinvestigator.com","Herramientas Reddit"
"Reddit Metrics","http://redditmetrics.com","Herramientas Reddit"
"Reddit User Analyser","https://atomiks.github.io/reddit-user-analyser/","Herramientas Reddit"
"SnoopSnoo","http://snoopsnoo.com","Herramientas Reddit"
"Subreddits","http://subreddits.org","Herramientas Reddit"
"Reddit Comment Search","https://redditcommentsearch.com/","Herramientas Reddit"
"Alltop","http://alltop.com","Monitorización WEB"
"Awasu","http://www.awasu.com","Monitorización WEB"
"Bridge.Leslibres","https://bridge.leslibres.org","Monitorización WEB"
"Bridge.Suumitsu","https://bridge.suumitsu.eu","Monitorización WEB"
"ChangeDetect","http://www.changedetect.com","Monitorización WEB"
"ChangeDetection","http://www.changedetection.com","Monitorización WEB"
"Deltafeed","http://bitreading.com/deltafeed","Monitorización WEB"
"DiggReader","http://digg.com/login?next=%2Freader","Monitorización WEB"
"Feed43","http://feed43.com","Monitorización WEB"
"FeedBooster","http://www.qsensei.com","Monitorización WEB"
"Feederator","http://www.feederator.org","Monitorización WEB"
"Feed Exileed","http://feed.exileed.com","Monitorización WEB"
"Feed Filter Maker","http://feed.janicek.co","Monitorización WEB"
"Feedly","http://www.feedly.com","Monitorización WEB"
"FeedReader","http://www.feedreader.com","Monitorización WEB"
"FetchRSS","http://fetchrss.com","Monitorización WEB"
"Flipboard","http://flipboard.com","Monitorización WEB"
"FollowThatPage","http://www.followthatpage.com","Monitorización WEB"
"Google Alerts","http://www.google.com/alerts","Monitorización WEB"
"InfoMinder","http://www.infominder.com/webminder","Monitorización WEB"
"IQAlerts","http://iqalerts.com","Monitorización WEB"
"Mention","https://en.mention.com","Monitorización WEB"
"Netvibes","http://www.netvibes.com","Monitorización WEB"
"Newsblur","http://newsblur.com","Monitorización WEB"
"NewsRSSTicker","http://www.newsrssticker.com","Monitorización WEB"
"OmeaReader","http://www.jetbrains.com/omea/reader","Monitorización WEB"
"OnWebChange","http://onwebchange.com","Monitorización WEB"
"Reeder","http://reederapp.com","Monitorización WEB"
"RSS Bridge","https://bridge.suumitsu.eu","Monitorización WEB"
"RSS Feed Reader","https://chrome.google.com/webstore/detail/rss-feed-reader/pnjaodmkngahhkoihejjehlcdlnohgmp","Monitorización WEB"
"RSS Micro","http://www.rssmicro.com","Monitorización WEB"
"RSS Search Engine","http://ctrlq.org/rss","Monitorización WEB"
"RSS Search Hub","http://www.rsssearchhub.com","Monitorización WEB"
"RSSOwl","http://www.rssowl.org","Monitorización WEB"
"RSS Subscription Extension","https://chrome.google.com/webstore/detail/rss-subscription-extensio/bmjffnfcokiodbeiamclanljnaheeoke?hl=en","Monitorización WEB"
"Selfoss","http://selfoss.aditu.de","Monitorización WEB"
"Silobreaker","http://www.silobreaker.com","Monitorización WEB"
"Talkwalker","http://www.talkwalker.com","Monitorización WEB"
"The Old Reader","http://theoldreader.com","Monitorización WEB"
"versionista","http://versionista.com","Monitorización WEB"
"visualping","https://visualping.io","Monitorización WEB"
"WebReader","http://www.getwebreader.com","Monitorización WEB"
"WebSite Watcher","http://www.aignes.com/index.htm","Monitorización WEB"
"Winds","http://winds.getstream.io","Monitorización WEB"
"Certified Information Systems Security Professional (CISSP)","https://www.isc2.org/Certifications/CISSP","Certificación"
"Certified Information Security Manager (CISM)","https://www.isaca.org/credentialing/cism","Certificación"
"Certified in Risk and Information Systems Control (CRISC)","https://www.isaca.org/credentialing/crisc","Certificación"
"AWS Certified Security - Specialty","https://aws.amazon.com/es/certification/certified-security-specialty/","Certificación"
"Certified Information Systems Auditor (CISA)","https://www.isaca.org/credentialing/cisa","Certificación"
"CompTIA Security+","https://certification.comptia.org/es/certificaciones/security","Certificación"
"Certified Cloud Security Professional (CCSP)","https://www.isc2.org/Certifications/CCSP","Certificación"
"Certified Ethical Hacker (CEH)","https://www.eccouncil.org/programs/certified-ethical-hacker-ceh-es/","Certificación"
"CompTIA Cybersecurity Analyst (CySA +)","https://www.comptia.org/es/certificaciones/cybersecurity-analyst","Certificación"
"Google Professional Cloud Security Engineer","https://cloud.google.com/certification/cloud-security-engineer","Certificación"
"REScure Threat Intel Feed","https://rescure.fruxlabs.com/ ","Inteligencia de amenazas."
"OTX AlienVault","https://otx.alienvault.com/","Inteligencia de amenazas."
"Digital Stakeout","https://www.digitalstakeout.com/platform","Inteligencia de amenazas."
"Zen","https://github.com/s0md3v/Zen","Miscelánea"
"sn0int","https://github.com/kpcyrd/sn0int","Miscelánea"
"SecApps Recon","https://secapps.com/market/recon","Miscelánea"
"QuickCode","https://quickcode.io/","Miscelánea"
"Pown Recon","https://github.com/pownjs/pown-recon","Miscelánea"
"Photon","https://github.com/s0md3v/Photon","Miscelánea"
"eScraper","https://escraper.emagicone.com/","Miscelánea"
"Outwit","http://www.outwit.com","Miscelánea"
"OsintStalker","https://github.com/milo2012/osintstalker","Miscelánea"
"OSINT Framework","http://osintframework.com/","Miscelánea"
"Orbit","https://github.com/s0md3v/Orbit","Miscelánea"
"OpenRefine","https://github.com/OpenRefine","Miscelánea"
"Maltego","https://www.maltego.com/","Miscelánea"
"Intrigue Core","https://github.com/intrigueio/intrigue-core","Miscelánea"
"The Harvester","https://github.com/laramies/theHarvester","Miscelánea"
"Greynoise","https://greynoise.io/","Miscelánea"
"Greynoise Python Library","https://github.com/GreyNoise-Intelligence/pygreynoise","Miscelánea"
"Datasploit","https://github.com/DataSploit/datasploit","Miscelánea"
"Belati","https://github.com/aancw/Belati","Miscelánea"
"Barcode Reader","http://online-barcode-reader.inliteresearch.com","Miscelánea"
"Amass","https://github.com/OWASP/Amass","DNS"
"findsubdomains","https://spyse.com/tools/subdomain-finder","DNS"
"Abine","https://www.abine.com","Privacidad y cifrado"
"Adium","https://adium.im","Privacidad y cifrado"
"Axcrypt","http://www.axantum.com/","Privacidad y cifrado"
"boxcryptor","https://www.boxcryptor.com/es/","Privacidad y cifrado"
"CCleaner","https://www.ccleaner.com/es-es/ccleaner","Privacidad y cifrado"
"Chatsecure","https://chatsecure.org","Privacidad y cifrado"
"Disconnect","https://disconnect.me","Privacidad y cifrado"
"Do Not Track","https://www.eff.org/issues/do-not-track","Privacidad y cifrado"
"Duck Duck Go Search Engine","https://duckduckgo.com","Privacidad y cifrado"
"EncSF MP","http://encfsmp.sourceforge.net","Privacidad y cifrado"
"Encrypted Cloud","https://www.e-share.us/","Privacidad y cifrado"
"Epic Privacy Browser","https://www.epicbrowser.com","Privacidad y cifrado"
"Eraser","http://eraser.heidi.ie","Privacidad y cifrado"
"FileVault","https://support.apple.com/en-us/HT204837","Privacidad y cifrado"
"Ghostery","https://www.ghostery.com","Privacidad y cifrado"
"GNU PG","https://www.gnupg.org/download/index.html","Privacidad y cifrado"
"GPG Tools","https://gpgtools.org","Privacidad y cifrado"
"Guardian Project","https://guardianproject.info","Privacidad y cifrado"
"Guerrilla Mail","https://www.guerrillamail.com","Privacidad y cifrado"
"Hotspot Shield","https://www.hotspotshield.com","Privacidad y cifrado"
"HTTPs Everywhere","https://www.eff.org/https-everywhere/","Privacidad y cifrado"
"I2P","https://geti2p.net","Privacidad y cifrado"
"justdeleteme","https://backgroundchecks.org/justdeleteme/","Privacidad y cifrado"
"KeePass Password Safe","http://keepass.info","Privacidad y cifrado"
"Lastpass","https://lastpass.com/es/","Privacidad y cifrado"
"Lockbin","https://lockbin.com","Privacidad y cifrado"
"Mailbox","https://mailbox.org","Privacidad y cifrado"
"Mailvelope","https://www.mailvelope.com","Privacidad y cifrado"
"Master Password","http://masterpasswordapp.com","Privacidad y cifrado"
"Nixory","http://nixory.sourceforge.net","Privacidad y cifrado"
"NoScript","https://noscript.net","Privacidad y cifrado"
"Open DNS","https://www.opendns.com/home-internet-security","Privacidad y cifrado"
"Open PGP","https://www.enigmail.net/index.php/en","Privacidad y cifrado"
"Oscobo Search Engine","https://www.oscobo.com/","Privacidad y cifrado"
"OSSEC","https://www.ossec.net/","Privacidad y cifrado"
"Panopticlick","https://panopticlick.eff.org","Privacidad y cifrado"
"Peerblock","http://forums.peerblock.com","Privacidad y cifrado"
"Pidgin","https://www.pidgin.im","Privacidad y cifrado"
"Pixel Block","https://chrome.google.com/webstore/detail/pixelblock/jmpmfcjnflbcoidlgapblgpgbilinlem","Privacidad y cifrado"
"Privacy Badger","https://privacybadger.org/","Privacidad y cifrado"
"Privazer","http://privazer.com/es/","Privacidad y cifrado"
"Proton Mail","https://protonmail.com","Privacidad y cifrado"
"Qubes","https://www.qubes-os.org","Privacidad y cifrado"
"Ricochet","https://ricochet.im","Privacidad y cifrado"
"Script Safe","https://chrome.google.com/webstore/detail/scriptsafe/oiigbmnaadbkfbmpbfijlflahbdbdgdf?hl=en","Privacidad y cifrado"
"Securesha","https://securesha.re","Privacidad y cifrado"
"Silent circle","https://www.silentcircle.com","Privacidad y cifrado"
"Snort","https://www.snort.org","Privacidad y cifrado"
"Spideroak","https://spideroak.com","Privacidad y cifrado"
"Surveilliance Self Defense","https://ssd.eff.org","Privacidad y cifrado"
"Tails","https://tails.boum.org","Privacidad y cifrado"
"Thunderbird","https://www.thunderbird.net/es-ES/","Privacidad y cifrado"
"Tor Project","https://www.torproject.org","Privacidad y cifrado"
"uBlock Origin","https://github.com/gorhill/uBlock","Privacidad y cifrado"
"Unseen.is","https://unseen.is","Privacidad y cifrado"
"Wickr","https://wickr.com","Privacidad y cifrado"
"WOT","https://www.mywot.com","Privacidad y cifrado"
"VeraCrypt","https://www.veracrypt.fr/en/Home.html","Privacidad y cifrado"
"ZMail","http://zmail.sourceforge.net","Privacidad y cifrado"
"Gephi","https://gephi.org","Análisis Redes Sociales"
"NodeXL","https://archive.codeplex.com/?p=nodexl","Análisis Redes Sociales"
"ORA","http://www.casos.cs.cmu.edu/projects/ora/software.php","Análisis Redes Sociales"
"Sentinel Visualizer","http://www.fmsasg.com","Análisis Redes Sociales"
"Wynyard Group","https://wynyardgroup.com","Análisis Redes Sociales"
"Visual Investigative Scenarios","https://vis.occrp.org","Análisis Redes Sociales"
"The Brain","http://www.thebrain.com","Mapas mentales / diagramas"
"Bubbl.us","https://bubbl.us","Mapas mentales / diagramas"
"Comapping","http://www.comapping.com","Mapas mentales / diagramas"
"Coogle","https://coggle.it","Mapas mentales / diagramas"
"Creately","http://creately.com","Mapas mentales / diagramas"
"Edynco","https://www.edynco.com","Mapas mentales / diagramas"
"Fast Idea Generator","http://diytoolkit.org/tools/fast-idea-generator-2","Mapas mentales / diagramas"
"Freemind","http://freemind.sourceforge.net/wiki/index.php/Main_Page","Mapas mentales / diagramas"
"Freeplane","http://freeplane.sourceforge.net/wiki/index.php/Main_Page","Mapas mentales / diagramas"
"Germ","https://germ.io","Mapas mentales / diagramas"
"GroupMap","http://www.groupmap.com","Mapas mentales / diagramas"
"iMindMap","https://www.ayoa.com/previously-imindmap/?utm_medium=301&utm_source=imindmap.com","Mapas mentales / diagramas"
"iMindQ","https://www.imindq.com","Mapas mentales / diagramas"
"InstaGrok","http://www.instagrok.com","Mapas mentales / diagramas"
"Lucidchart","https://www.lucidchart.com/pages/es","Mapas mentales / diagramas"
"Mattermap","https://www.mattermap.nl","Mapas mentales / diagramas"
"Mind42","http://mind42.com","Mapas mentales / diagramas"
"Mind Genius","http://www.mindgenius.com","Mapas mentales / diagramas"
"Mind Manager","https://www.mindmanager.com/es/","Mapas mentales / diagramas"
"Mindmeister","https://www.mindmeister.com/es","Mapas mentales / diagramas"
"Mindomo","https://www.mindomo.com/es/","Mapas mentales / diagramas"
"MindMup","https://www.mindmup.com/","Mapas mentales / diagramas"
"Popplet","http://popplet.com","Mapas mentales / diagramas"
"Miro","https://miro.com/","Mapas mentales / diagramas"
"Scapple","https://www.literatureandlatte.com/scapple/overview","Mapas mentales / diagramas"
"Sketchboard","http://sketchboard.io","Mapas mentales / diagramas"
"Slatebox","https://slatebox.com","Mapas mentales / diagramas"
"Spicynodes","http://www.spicynodes.org","Mapas mentales / diagramas"
"Spiderscribe","http://www.spiderscribe.net","Mapas mentales / diagramas"
"StoryMap","https://storymap.knightlab.com","Mapas mentales / diagramas"
"Wise Maping","http://www.wisemapping.com","Mapas mentales / diagramas"
"yWorks","https://www.yworks.com/products/yed/gallery","Mapas mentales / diagramas"
"Xmind","http://www.xmind.net","Mapas mentales / diagramas"
"Bunchapp","http://bunchapp.io","Calendario / agenda"
"Calendly","https://calendly.com/es","Calendario / agenda"
"Cozi","http://www.cozi.com","Calendario / agenda"
"Doodle","http://doodle.com/es/","Calendario / agenda"
"Meetin.gs","http://www.meetin.gs","Calendario / agenda"
"MyMemorizer","http://www.mymemorizer.com","Calendario / agenda"
"ScheduleOnce","https://www.oncehub.com/scheduleonce","Calendario / agenda"
"TeamUp","http://www.teamup.com","Calendario / agenda"
"TogglPlan","https://toggl.com/plan/","Calendario / agenda"
"Desertor (Rusia)","http://vk.com/app3046467","Herramientas VK"
"Barkov.net","http://vk.barkov.net","Herramientas VK"
"Report Tree","http://dcpu.ru/vk_repost_tree.php","Herramientas VK"
"Social Stats","http://socialstats.ru","Herramientas VK"
"Snradar","http://snradar.azurewebsites.net","Herramientas VK"
"Target Hunter","http://targethunter.net","Herramientas VK"
"Target Log","http://targetolog.com","Herramientas VK"
"VK5","http://vk5.city4me.com","Herramientas VK"
"VK Community Search","http://vk.com/communities","Herramientas VK"
"VK Parser","http://vkparser.ru","Herramientas VK"
"VK People Search","http://vk.com/people","Herramientas VK"
"VK to RSS Appspot","http://vk-to-rss.appspot.com","Herramientas VK"
"Check User Names","http://www.checkusernames.com","Búsqueda de usuarios"
"Knowem","http://www.Knowem.com","Búsqueda de usuarios"
"Name Chk","http://www.namechk.com","Búsqueda de usuarios"
"Name Checkr","http://www.namecheckr.com","Búsqueda de usuarios"
"Name Checkup","https://namecheckup.com","Búsqueda de usuarios"
"User Search","http://www.usersearch.org","Búsqueda de usuarios"
"411 (US)","http://www.411.com","Buscador de personas"
"192 (UK)","http://www.192.com","Buscador de personas"
"Alumni.net","http://www.alumni.net","Buscador de personas"
"Ancestry","http://www.ancestry.com","Buscador de personas"
"Canada411 (Canada)","http://www.canada411.ca","Buscador de personas"
"Cedar","http://www.cedar.buffalo.edu/AdServ/person-search.html","Buscador de personas"
"Charlie App","https://charlieapp.com","Buscador de personas"
"Classmates (US)","http://www.classmates.com","Buscador de personas"
"CrunchBase","http://www.crunchbase.com","Buscador de personas"
"CVGadget","http://www.cvgadget.com","Buscador de personas"
"Data 24-7","https://www.data24-7.com","Buscador de personas"
"facesearch","http://facesaerch.com","Buscador de personas"
"Family Search","https://familysearch.org","Buscador de personas"
"Family Tree Now","http://www.familytreenow.com/","Buscador de personas"
"Federal Bureau of Prisons Inmate Locator (US)","https://www.bop.gov/inmateloc/","Buscador de personas"
"Fold3 (US Military Records)","http://www.fold3.com","Buscador de personas"
"Genealogy Bank (US)","http://www.genealogybank.com","Buscador de personas"
"Genealogy Links","http://www.genealogylinks.net","Buscador de personas"
"Hey Press","https://www.hey.press","Buscador de personas"
"Homemetry(US)","https://homemetry.com","Buscador de personas"
"Infobel","http://www.infobel.com/en/world","Buscador de personas"
"Interment(US)","http://www.interment.net/data/search.htm","Buscador de personas"
"International White and Yellow Pages","http://www.wayp.com","Buscador de personas"
"Itools","http://itools.com/search/people-search","Buscador de personas"
"Kompass","http://www.kompass.com","Buscador de personas"
"LookUpUK (UK)","http://www.lookupuk.com","Buscador de personas"
"Lullar","http://com.lullar.com","Buscador de personas"
"MarketVisual","http://www.marketvisual.com","Buscador de personas"
"MelissaDATA","http://www.melissadata.com/lookups/peoplefinder.asp","Buscador de personas"
"My Life People Search","https://www.mylife.com/people-search","Buscador de personas"
"The National Archives (UK)","http://www.nationalarchives.gov.uk","Buscador de personas"
"PeekYou (US)","http://www.peekyou.com","Buscador de personas"
"People Search (Australia)","http://www.peoplesearch.com.au","Buscador de personas"
"PeopleSearch.net","http://www.peoplesearch.net","Buscador de personas"
"Pipl","https://pipl.com","Buscador de personas"
"Rapportive","http://rapportive.com","Buscador de personas"
"RecordsPedia (US)","http://recordspedia.com","Buscador de personas"
"Recruitem","http://recruitin.net","Buscador de personas"
"Rootsweb(US)","http://home.rootsweb.ancestry.com","Buscador de personas"
"SearchBug (US)","http://www.searchbug.com","Buscador de personas"
"Skip Ease (US)","http://www.skipease.com","Buscador de personas"
"Smart Background Checks (US)","https://www.smartbackgroundchecks.com/people/","Buscador de personas"
"snitch.name","http://www.snitch.name","Buscador de personas"
"SnoopStation (US)","http://snoopstation.com","Buscador de personas"
"Spokeo(US)","http://www.spokeo.com","Buscador de personas"
"Switchboard (US)","http://www.switchboard.com","Buscador de personas"
"That’sThem (US)","https://thatsthem.com","Buscador de personas"
"USSearch (US)","http://www.ussearch.com","Buscador de personas"
"WebMiii","http://www.webmii.com","Buscador de personas"
"White Pages (US)","http://www.whitepages.com","Buscador de personas"
"Wink","http://itools.com/tool/wink-people-search","Buscador de personas"
"Yasni","http://www.yasni.com","Buscador de personas"
"Zabasearch (US)","http://www.zabasearch.com","Buscador de personas"
"Zoominfo","http://www.zoominfo.com","Buscador de personas"
"Brave","https://brave.com","Navegadores"
"CentBrowser","http://www.centbrowser.com","Navegadores"
"Chrome","https://www.google.com/chrome","Navegadores"
"Comodo Dragon","https://www.comodo.com/home/browsers-toolbars/browser.php","Navegadores"
"Coowon","http://coowon.com","Navegadores"
"Edge","https://www.microsoft.com/en-us/windows/microsoft-edge/microsoft-edge","Navegadores"
"Firefox","https://www.mozilla.org","Navegadores"
"Maxthon","https://es.maxthon.com/","Navegadores"
"Safari","http://www.apple.com/safari","Navegadores"
"Opera","http://www.opera.com","Navegadores"
"Sleipnir(China)","http://www.fenrir-inc.com/jp/sleipnir","Navegadores"
"Slimjet","http://www.slimjet.com","Navegadores"
"SRWare Iron","http://www.srware.net/en/software_srware_iron.php","Navegadores"
"Tor Browser","https://www.torproject.org/projects/torbrowser.html.en","Navegadores"
"Torch","http://www.torchbrowser.com","Navegadores"
"UCBrowser","http://www.ucweb.com","Navegadores"
"Vivaldi","https://vivaldi.com","Navegadores"
"Yandex","https://browser.yandex.com/desktop/main","Navegadores"
"A1 Website Download","http://www.microsystools.com/products/website-download","Navegadores sin conexión"
"Cyotek WebCopy","http://www.cyotek.com/cyotek-webcopy","Navegadores sin conexión"
"gmapcatcher","https://github.com/heldersepu/gmapcatcher","Navegadores sin conexión"
"Hooey webprint","http://www.hooeeywebprint.com.s3-website-us-east-1.amazonaws.com/download.html","Navegadores sin conexión"
"HTTrack","http://www.httrack.com","Navegadores sin conexión"
"Offliberty","http://offliberty.com","Navegadores sin conexión"
"Resolver","https://metaproductsrevolver.com","Navegadores sin conexión"
"SiteSucker","http://ricks-apps.com/osx/sitesucker/index.html","Navegadores sin conexión"
"WebAssistant","http://www.proxy-offline-browser.com/download.html","Navegadores sin conexión"
"Website Ripper Copier","http://www.tensons.com/products/websiterippercopier","Navegadores sin conexión"
"AGOA","http://agoa.info","Datos y estadísticas"
"AidData","http://aiddata.org","Datos y estadísticas"
"ADB","https://data.adb.org/","Datos y estadísticas"
"AWS","https://registry.opendata.aws/","Datos y estadísticas"
"BPI","http://www.bis.org/statistics/index.htm","Datos y estadísticas"
"BP","http://www.bp.com/en/global/corporate/energy-economics/statistical-review-of-world-energy.html","Datos y estadísticas"
"BERKLEY","http://www.lib.berkeley.edu/libraries/data-lab","Datos y estadísticas"
"CIA World Factbook","https://www.cia.gov/library/publications/the-world-factbook","Datos y estadísticas"
"CIESIN","http://www.ciesin.org","Datos y estadísticas"
"CEPII","http://www.cepii.fr/CEPII/en/welcome.asp","Datos y estadísticas"
"Data.gov.uk","https://data.gov.uk","Datos y estadísticas"
"DBPedia","http://wiki.dbpedia.org","Datos y estadísticas"
"ECEU","https://ec.europa.eu/commfrontoffice/publicopinion/index.cfm","Datos y estadísticas"
"Eurostat","https://ec.europa.eu/eurostat/","Datos y estadísticas"
"FAOSTAT","http://faostat3.fao.org","Datos y estadísticas"
"Freebase","https://developers.google.com/freebase","Datos y estadísticas"
"Gapminder World","https://www.gapminder.org/data/","Datos y estadísticas"
"GEOHIVE","https://geohive.ie/","Datos y estadísticas"
"lEDGE","https://globaledge.msu.edu/tools-and-data/dibs","Datos y estadísticas"
"Google Finance","https://www.google.com/finance","Datos y estadísticas"
"Google","http://www.google.com/publicdata/directory","Datos y estadísticas"
"Gobierno de Canadá","http://open.canada.ca/en","Datos y estadísticas"
"SUS Muelles","https://www.ihs.com/products/piers.html","Datos y estadísticas"
"UNDP","http://hdr.undp.org/en/global-reports","Datos y estadísticas"
"CLI","http://www.bls.gov/fls/chartbook.htm","Datos y estadísticas"
"ITC","https://www.intracen.org/herramientas-de-analisis-de-mercado/","Datos y estadísticas"
"ILOSTAT","https://ilostat.ilo.org/?_AfrLoop=443508925711569&clean=true#%40%3F_afrLoop%3D443508925711569%26clean%3Dtrue%26-state%3Dl4dwldaf3_9","Datos y estadísticas"
"OIT","http://www.ilo.org/global/research/global-reports/weso/2015/lang--en/index.htm","Datos y estadísticas"
"FMI","https://www.imf.org/external/index.htm","Datos y estadísticas"
"Index Mundi","http://www.indexmundi.com","Datos y estadísticas"
"AIE","http://energyatlas.iea.org","Datos y estadísticas"
"AIE","http://www.iea.org/statistics","Datos y estadísticas"
"Junar","http://junar.com","Datos y estadísticas"
"Knoema","https://knoema.es/","Datos y estadísticas"
"LandMatrix","http://landmatrix.org","Datos y estadísticas"
"Latinobarometro","http://www.latinobarometro.org","Datos y estadísticas"
"Universidad de Michigan","http://www.lib.umich.edu/browse/Statistics%20and%20Data%20Sets","Datos y estadísticas"
"Maestro de la Nación","http://www.nationmaster.com/statistics","Datos y estadísticas"
"OCDE","http://www.oecd.org/dac/financing-sustainable-development/development-finance-data/","Datos y estadísticas"
"OCDE","https://data.oecd.org","Datos y estadísticas"
"OCDE Factbook","http://www.oecd-ilibrary.org/economics/oecd-factbook_18147364","Datos y estadísticas"
"OFFSTATS","http://www.offstats.auckland.ac.nz","Datos y estadísticas"
"Open Data Network","http://www.opendatanetwork.com","Datos y estadísticas"
"Paul Hensel","http://www.paulhensel.org/dataintl.html","Datos y estadísticas"
"Penn World Table","https://www.rug.nl/ggdc/","Datos y estadísticas"
"Pew","http://www.pewinternet.org/datasets","Datos y estadísticas"
"Oficina de Referencia de Población","https://www.prb.org/data/","Datos y estadísticas"
"PRS","http://www.prsgroup.com","Datos y estadísticas"
"Scylla","http://scylla.sh","Datos y estadísticas"
"SESRIC","http://www.sesric.org/baseind.php","Datos y estadísticas"
"SESRIC","http://www.sesric.org/databases-index.php","Datos y estadísticas"
"Statista","http://www.statista.com","Datos y estadísticas"
"Atlas CID","http://atlas.cid.harvard.edu","Datos y estadísticas"
"DASL","http://lib.stat.cmu.edu/DASL","Datos y estadísticas"
"Economia comercial","http://www.tradingeconomics.com","Datos y estadísticas"
"Transparencia.org","https://www.transparency.org/en/cpi/2015","Datos y estadísticas"
"COMTRADE","http://comtrade.un.org","Datos y estadísticas"
"UNCTAD","http://unctad.org/en/Pages/DIAE/World%20Investment%20Report/Country-Fact-Sheets.aspx","Datos y estadísticas"
"UNCTAD","https://unctad.org/en/Pages/Publications/Investment-country-profiles.aspx","Datos y estadísticas"
"UNCTAD STAT","http://unctadstat.unctad.org","Datos y estadísticas"
"ONU","http://data.un.org","Datos y estadísticas"
"PNUD","http://hdr.undp.org/en/data","Datos y estadísticas"
"CEPE","http://w3.unece.org/PXWeb/en","Datos y estadísticas"
"UNESCO","http://www.uis.unesco.org","Datos y estadísticas"
"ONUDI","http://www.unido.org/resources/statistics/statistical-databases.html","Datos y estadísticas"
"UNStats","http://unstats.un.org/unsd/demographic/products/socind","Datos y estadísticas"
"Upsala (UCDP)","http://www.pcr.uu.se/research/UCDP","Datos y estadísticas"
"EE. UU.","Https://www.usa.gov/statistics","Datos y estadísticas"
"OMS","http://www.who.int/gho/en","Datos y estadísticas"
"Banco Mundial","http://datatopics.worldbank.org/consumption/home","Datos y estadísticas"
"Banco Mundial","http://data.worldbank.org","Datos y estadísticas"
"Doing Business del Banco Mundial","http://www.doingbusiness.org","Datos y estadísticas"
"Banco Mundial","http://www.enterprisesurveys.org","Datos y estadísticas"
"WITS","http://wits.worldbank.org","Datos y estadísticas"
"WTO","https://www.wto.org/english/res_e/statis_e/statis_e.htm","Datos y estadísticas"
"Zanran","http://zanran.com","Datos y estadísticas"
"TorrentFreak List of VPNs","https://torrentfreak.com/vpn-services-anonymous-review-2017-170304/","Servicios VPN"
"VPN Comparison by That One Privacy Guy","https://thatoneprivacysite.net/","Servicios VPN"
"ProtonVPN","https://protonvpn.com/","Servicios VPN"
"CampusCareerCenter","http://www.campuscareercenter.com","Portales de empleo"
"CareerBuilder","http://www.careerbuilder.com","Portales de empleo"
"College Recruiter","https://www.collegerecruiter.com","Portales de empleo"
"Dice","http://www.dice.com","Portales de empleo"
"Eluta (Canada","http://www.eluta.ca","Portales de empleo"
"Eurojobs","https://www.eurojobs.com","Portales de empleo"
"Fish4Jobs","http://www.fish4.co.uk","Portales de empleo"
"Glassdoor","https://www.glassdoor.com","Portales de empleo"
"Headhunter","http://www.headhunter.com","Portales de empleo"
"Indeed","http://www.indeed.com","Portales de empleo"
"Jobs (Poland","http://www.jobs.pl","Portales de empleo"
"Jobsite (UK","http://www.jobsite.co.uk","Portales de empleo"
"Linkedin","https://www.linkedin.com","Portales de empleo"
"Monster","http://www.monster.com","Portales de empleo"
"Naukri (India","http://www.naukri.com","Portales de empleo"
"Reed (UK","http://www.reed.co.uk","Portales de empleo"
"Seek (Australia","http://www.seek.com.au","Portales de empleo"
"SimplyHired","http://www.simplyhired.com","Portales de empleo"
"Xing","http://www.xing.com","Portales de empleo"
"ZipRecruiter","https://www.ziprecruiter.com","Portales de empleo"
"Answers.com","http://www.answers.com","Preguntas y respuestas"
"Ask","http://www.ask.com","Preguntas y respuestas"
"eHow","http://www.ehow.com","Preguntas y respuestas"
"Quora","http://www.quora.com","Preguntas y respuestas"
"StackExchange","http://stackexchange.com","Preguntas y respuestas"
"Yahoo Answers","http://answers.yahoo.com","Preguntas y respuestas"
"Accuranker","https://www.accuranker.com","Buscador de dominios e IP’s"
"ahrefs","https://ahrefs.com","Buscador de dominios e IP’s"
"Alexa","http://www.alexa.com","Buscador de dominios e IP’s"
"Bing Webmaster Tools","http://www.bing.com/toolbox/webmaster","Buscador de dominios e IP’s"
"BuiltWith","http://builtwith.com","Buscador de dominios e IP’s"
"Central Ops","http://centralops.net","Buscador de dominios e IP’s"
"Dedicated or Not","http://dedicatedornot.com","Buscador de dominios e IP’s"
"DNSDumpster","https://dnsdumpster.com","Buscador de dominios e IP’s"
"DNS History","http://dnshistory.org","Buscador de dominios e IP’s"
"DNSStuff","http://www.dnsstuff.com","Buscador de dominios e IP’s"
"DNSViz","http://dnsviz.net","Buscador de dominios e IP’s"
"Domain Big Data","http://domainbigdata.com","Buscador de dominios e IP’s"
"Domain Crawler","http://www.domaincrawler.com","Buscador de dominios e IP’s"
"Domain Dossier","http://centralops.net/co/DomainDossier.aspx","Buscador de dominios e IP’s"
"Domain Tools","http://whois.domaintools.com","Buscador de dominios e IP’s"
"Easy whois","https://www.easywhois.com","Buscador de dominios e IP’s"
"Exonera Tor","https://exonerator.torproject.org","Buscador de dominios e IP’s"
"Follow.net","http://follow.net","Buscador de dominios e IP’s"
"GraphyStories","http://app.graphystories.com","Buscador de dominios e IP’s"
"HypeStat","https://www.hypestat.com","Buscador de dominios e IP’s"
"Infosniper","http://www.infosniper.net","Buscador de dominios e IP’s"
"intoDNS","http://www.intodns.com","Buscador de dominios e IP’s"
"IP Checking","http://www.ipchecking.com","Buscador de dominios e IP’s"
"IP Location","https://www.iplocation.net","Buscador de dominios e IP’s"
"IP 2 Geolocation","http://ip2geolocation.com","Buscador de dominios e IP’s"
"IP 2 Location","http://www.ip2location.com/demo.aspx","Buscador de dominios e IP’s"
"IPFingerprints","http://www.ipfingerprints.com","Buscador de dominios e IP’s"
"IPVoid","http://www.ipvoid.com","Buscador de dominios e IP’s"
"IntelliTamper","http://www.softpedia.com/get/Internet/Other-Internet-Related/IntelliTamper.shtml","Buscador de dominios e IP’s"
"Kloth","http://www.kloth.net/services","Buscador de dominios e IP’s"
"NetworkTools","http://network-tools.com","Buscador de dominios e IP’s"
"Majestic","https://majestic.com","Buscador de dominios e IP’s"
"MaxMind","https://www.maxmind.com","Buscador de dominios e IP’s"
"OpenLinkProfiler","http://www.openlinkprofiler.org/ratelimit/domain.com","Buscador de dominios e IP’s"
"Open Site Explorer","https://moz.com/researchtools/ose","Buscador de dominios e IP’s"
"PageGlimpse","http://www.pageglimpse.com","Buscador de dominios e IP’s"
"Pentest-Tools.com","https://pentest-tools.com/information-gathering/google-hacking","Buscador de dominios e IP’s"
"PhishStats","https://phishstats.info/","Buscador de dominios e IP’s"
"Pulsedive","https://pulsedive.com","Buscador de dominios e IP’s"
"Quantcast","https://www.quantcast.com","Buscador de dominios e IP’s"
"Quick Sprout","https://www.quicksprout.com","Buscador de dominios e IP’s"
"RedirectDetective","http://redirectdetective.com","Buscador de dominios e IP’s"
"Robtex","https://www.robtex.com","Buscador de dominios e IP’s"
"Spyse","https://spyse.com/","Buscador de dominios e IP’s"
"SecurityTrails","https://securitytrails.com/dns-trails","Buscador de dominios e IP’s"
"SEMrush","https://www.semrush.com","Buscador de dominios e IP’s"
"SEO Chat Tools","http://tools.seochat.com","Buscador de dominios e IP’s"
"SEOTools for Excel","http://seotoolsforexcel.com","Buscador de dominios e IP’s"
"Similar Web","https://www.similarweb.com","Buscador de dominios e IP’s"
"SmallSEOTools","http://smallseotools.com","Buscador de dominios e IP’s"
"StatsCrop","http://www.statscrop.com","Buscador de dominios e IP’s"
"Squatm3gator","https://github.com/david3107/squatm3gator","Buscador de dominios e IP’s"
"TCPIPUTILS.com","http://www.tcpiputils.com","Buscador de dominios e IP’s"
"URLVoid","http://www.urlvoid.com","Buscador de dominios e IP’s"
"Wappalyzer","https://wappalyzer.com","Buscador de dominios e IP’s"
"WebMeUp","http://webmeup.com","Buscador de dominios e IP’s"
"Website Informer","http://website.informer.com","Buscador de dominios e IP’s"
"WhatIsMyIPAddress","http://whatismyipaddress.com","Buscador de dominios e IP’s"
"Who.is","https://who.is/","Buscador de dominios e IP’s"
"Whois Arin Online","https://whois.arin.net","Buscador de dominios e IP’s"
"WhoIsHostingThis","http://www.whoishostingthis.com","Buscador de dominios e IP’s"
"Whoisology","https://whoisology.com","Buscador de dominios e IP’s"
"WhoIsRequest","http://whoisrequest.com","Buscador de dominios e IP’s"
"w3snoop","http://webboar.com.w3snoop.com","Buscador de dominios e IP’s"
"Verisign","http://dnssec-debugger.verisignlabs.com","Buscador de dominios e IP’s"
"ViewDNS.info","http://viewdns.info","Buscador de dominios e IP’s"
"You Get Signal","http://www.yougetsignal.com","Buscador de dominios e IP’s"
"Google Adwords","http://adwords.google.com","Buscador por palabra clave"
"Google Trends","https://www.google.com/trends","Buscador por palabra clave"
"Keyword Discovery","http://www.keyworddiscovery.com","Buscador por palabra clave"
"KeywordTool","http://keywordtool.io","Buscador por palabra clave"
"One Look Reverse Dictionary","http://www.onelook.com/reverse-dictionary.shtml","Buscador por palabra clave"
"Word Tracker","https://www.wordtracker.com","Buscador por palabra clave"
"Ubersuggest","http://ubersuggest.org","Buscador por palabra clave"
"Baidu Images","http://image.baidu.com","Búsqueda de imágenes"
"Bing Images","http://www.bing.com/images","Búsqueda de imágenes"
"Clarify","http://clarify.io","Búsqueda de imágenes"
"Flickr","https://secure.flickr.com","Búsqueda de imágenes"
"GoodSearch Image Search","http://www.goodsearch.com/search-image","Búsqueda de imágenes"
"Google Image","https://images.google.com","Búsqueda de imágenes"
"Gramfeed","http://www.gramfeed.com","Búsqueda de imágenes"
"Image Identification Project","https://www.imageidentify.com","Búsqueda de imágenes"
"Image Raider","https://www.imageraider.com","Búsqueda de imágenes"
"KarmaDecay","http://karmadecay.com","Búsqueda de imágenes"
"Lycos Image Search","http://search.lycos.com","Búsqueda de imágenes"
"Picsearch","http://www.picsearch.com","Búsqueda de imágenes"
"PicTriev","http://www.pictriev.com","Búsqueda de imágenes"
"TinEye","https://tineye.com","Búsqueda de imágenes"
"Websta","http://websta.me","Búsqueda de imágenes"
"Worldcam","http://www.worldc.am","Búsqueda de imágenes"
"Yahoo Image Search","https://images.search.yahoo.com","Búsqueda de imágenes"
"Yandex Images","https://www.yandex.com/images","Búsqueda de imágenes"
"ExifTool","http://www.sno.phy.queensu.ca/~phil/exiftool","Análisis de imagen"
"FotoForensics","http://www.fotoforensics.com","Análisis de imagen"
"Ghiro","http://www.getghiro.org","Análisis de imagen"
"ImpulseAdventure","http://www.impulseadventure.com/photo/jpeg-snoop.html","Análisis de imagen"
"Jeffreys Image Metadata Viewer","http://exif.regex.info/","Análisis de imagen"
"JPEGsnoop","https://sourceforge.net/projects/jpegsnoop","Análisis de imagen"
"Metapicz","http://metapicz.com/","Análisis de imagen"
"Archive.is","http://archive.is","Historial y captura de Web"
"BlackWidow","http://softbytelabs.com/wp/blackwidow/","Historial y captura de Web"
"CashedPages","http://www.cachedpages.com","Historial y captura de Web"
"CachedView","http://cachedview.com","Historial y captura de Web"
"Screenshots.com","http://www.screenshots.com","Historial y captura de Web"
"Wayback Machine","http://archive.org/web/web.php","Historial y captura de Web"
"Wayback Machine Archiver","https://github.com/jsvine/waybackpack","Historial y captura de Web"
"2lingual","http://www.2lingual.com","Herramientas de lenguaje"
"Apertium","https://www.apertium.org","Herramientas de lenguaje"
"Babelfish","https://www.babelfish.com","Herramientas de lenguaje"
"Bablic","https://www.bablic.com","Herramientas de lenguaje"
"Bing Translator","http://www.bing.com/translator","Herramientas de lenguaje"
"Dict.cn","http://dict.cn","Herramientas de lenguaje"
"Dictionary.com: Translation","http://translate.reference.com","Herramientas de lenguaje"
"Free Translator","http://www.free-translator.com","Herramientas de lenguaje"
"Free Website Translation","http://free-website-translation.com","Herramientas de lenguaje"
"Frengly","http://frengly.com","Herramientas de lenguaje"
"Gengo","http://gengo.com","Herramientas de lenguaje"
"Google Input Tools","https://www.google.com/inputtools/try","Herramientas de lenguaje"
"Google Translate","https://translate.google.com","Herramientas de lenguaje"
"Google Tranlslate Extension","https://chrome.google.com/webstore/detail/google-translate/aapbdbdomjkkjkaonfhkkikfgjllcleb?hl=en","Herramientas de lenguaje"
"IdiomaX Translation","http://www.idiomax.com/online-translator.aspx","Herramientas de lenguaje"
"India Typing","http://indiatyping.com/index.php/translations/english-to-hindi-translation","Herramientas de lenguaje"
"imTranslator","http://imtranslator.net/translation","Herramientas de lenguaje"
"iTranslate","http://www.itranslateapp.com","Herramientas de lenguaje"
"iTranslate Voice","http://itranslatevoice.com","Herramientas de lenguaje"
"Lexicool Translation","http://www.lexicool.com/translate.asp","Herramientas de lenguaje"
"Linguee","http://www.linguee.com","Herramientas de lenguaje"
"LingvoSoftOnline","http://www.lingvozone.com","Herramientas de lenguaje"
"Microsoft Translator","http://www.microsoft.com/en-us/translator","Herramientas de lenguaje"
"Noslang","http://www.noslang.com","Herramientas de lenguaje"
"OdysseyTranslator","http://odysseytranslator.com","Herramientas de lenguaje"
"Pleco","https://www.pleco.com","Herramientas de lenguaje"
"PROMT-Online","http://translation2.paralink.com","Herramientas de lenguaje"
"Reddit/r/translator","https://www.reddit.com/r/translator","Herramientas de lenguaje"
"Reverso","http://www.reverso.net","Herramientas de lenguaje"
"Slangit","http://slangit.com","Herramientas de lenguaje"
"Systran","http://www.systransoft.com","Herramientas de lenguaje"
"Translate.com","https://www.translate.com","Herramientas de lenguaje"
"Unbabel","https://unbabel.com","Herramientas de lenguaje"
"WorldLingo","http://www.worldlingo.com","Herramientas de lenguaje"
"WorldReference.com","http://www.wordreference.com","Herramientas de lenguaje"
"Yamli (Arabic Search Engine","https://www.yamli.com","Herramientas de lenguaje"
"Yandex Translate","https://translate.yandex.ru","Herramientas de lenguaje"
"Cherrytree","http://www.giuspen.com/cherrytree","Toma de notas"
"Evernote","https://www.evernote.com","Toma de notas"
"Google Keep","https://keep.google.com","Toma de notas"
"inkdrop","https://www.inkdrop.info","Toma de notas"
"Laverna","https://laverna.cc","Toma de notas"
"Listacular","http://www.bloomingsoft.com/listacular","Toma de notas"
"Microsoft OneNote","https://www.onenote.com","Toma de notas"
"Notebook","https://www.zoho.com/notebook","Toma de notas"
"Simplenote","http://simplenote.com","Toma de notas"
"somnote","http://somcloud.com/about/somnote","Toma de notas"
"Squid","http://squidnotes.com","Toma de notas"
"Tomboy","https://wiki.gnome.org/Apps/Tomboy","Toma de notas"
"A.nnotate","http://a.nnotate.com","Herramientas de anotación"
"Annotator","http://annotatorjs.org","Herramientas de anotación"
"Diigo","https://www.diigo.com","Herramientas de anotación"
"Hypothesis","https://hypothes.is","Herramientas de anotación"
"Note Anywhere","https://chrome.google.com/webstore/detail/note-anywhere/bohahkiiknkelflnjjlipnaeapefmjbh","Herramientas de anotación"
"Pund.it","http://thepund.it","Herramientas de anotación"
"Skitch","https://evernote.com/skitch","Herramientas de anotación"
"Arguman","http://en.arguman.org","Escritura y oficina"
"Bibme","http://www.bibme.org","Escritura y oficina"
"Citationsy","https://citationsy.com","Escritura y oficina"
"Cite This For Me","https://chrome.google.com/webstore/detail/cite-this-for-me-web-cite/nnnmhgkokpalnmbeighfomegjfkklkle?hl=en","Escritura y oficina"
"FreeOffice","http://www.freeoffice.com","Escritura y oficina"
"Grammarly","https://chrome.google.com/webstore/detail/grammarly-for-chrome/kbfnbcaeplbcioakkpcpgfkobkghlhen?hl=en","Escritura y oficina"
"GoogleDocs","https://www.google.com/docs/about","Escritura y oficina"
"LibreOffice","https://www.libreoffice.org","Escritura y oficina"
"MS Office","https://products.office.com","Escritura y oficina"
"Office Online","https://chrome.google.com/webstore/detail/office-online/ndjpnladcallmjemlbaebfadecfhkepb/related","Escritura y oficina"
"OmniOutliner","https://www.omnigroup.com/omnioutliner","Escritura y oficina"
"OnlyOffice","https://www.onlyoffice.com","Escritura y oficina"
"oTranscribe","http://otranscribe.com","Escritura y oficina"
"Scrivener","http://literatureandlatte.com/scrivener.php","Escritura y oficina"
"TextExpander","https://textexpander.com/","Escritura y oficina"
"UltraEdit","http://www.ultraedit.com","Escritura y oficina"
"WriteApp","https://writeapp.me","Escritura y oficina"
"Canva","https://www.canva.com/create/presentations","Herramientas de presentación"
"Convert Words to Time","https://wordstotime.com","Herramientas de presentación"
"Deckset","http://www.decksetapp.com","Herramientas de presentación"
"emaze","https://www.emaze.com","Herramientas de presentación"
"GoogleDocs","https://docs.google.com","Herramientas de presentación"
"Haiku Deck","https://www.haikudeck.com","Herramientas de presentación"
"Keyonote(Aleman)","http://www.apple.com/de/mac/keynote","Herramientas de presentación"
"KnowledgeVision","http://www.knowledgevision.com","Herramientas de presentación"
"LibreOffice","https://www.libreoffice.org","Herramientas de presentación"
"Live Slides","https://www.liveslides.com","Herramientas de presentación"
"MS Office","https://products.office.com","Herramientas de presentación"
"Powtoon","https://www.powtoon.com","Herramientas de presentación"
"presenterswall","http://www.presenterswall.com","Herramientas de presentación"
"Prezi","https://prezi.com","Herramientas de presentación"
"Slidedog","http://slidedog.com","Herramientas de presentación"
"SlideRocket","https://www.clearslide.com/product/sliderocket/","Herramientas de presentación"
"Slides","https://slides.com","Herramientas de presentación"
"SpeechInMinutes","http://www.speechinminutes.com/","Herramientas de presentación"
"Sway","https://sway.com","Herramientas de presentación"
"vcasmo","http://www.vcasmo.com","Herramientas de presentación"
"Visme","http://www.visme.co","Herramientas de presentación"
"Zoho Docs","https://www.zoho.com/docs/show.html","Herramientas de presentación"
"Adobe Connect","https://www.adobe.com/products/adobeconnect.html","Herramientas de comunicación"
"AnyDesk","https://anydesk.com/es","Herramientas de comunicación"
"BeamYourScreen","http://www.beamyourscreen.com","Herramientas de comunicación"
"Blackboard","https://www.blackboard.com/es-es","Herramientas de comunicación"
"Basecamp","https://basecamp.com/","Herramientas de comunicación"
"clearvale","https://www.clearvale.com/marketing/en","Herramientas de comunicación"
"Digital Samba","http://www.digitalsamba.com","Herramientas de comunicación"
"Discourse","http://www.discourse.org","Herramientas de comunicación"
"eBLVD","https://www.eblvd.com","Herramientas de comunicación"
"Ekiga","http://ekiga.org","Herramientas de comunicación"
"Exo Platform","https://www.exoplatform.com","Herramientas de comunicación"
"FaceFlow","http://www.faceflow.com","Herramientas de comunicación"
"Fleep","https://fleep.io","Herramientas de comunicación"
"Flowdock","https://www.flowdock.com","Herramientas de comunicación"
"FreeConferenceCall","https://www.freeconferencecall.com/es/es","Herramientas de comunicación"
"FreeScreenSharing","https://www.freescreensharing.com","Herramientas de comunicación"
"Friends","http://moose-team.github.io/friends","Herramientas de comunicación"
"Glance","http://ww2.glance.net","Herramientas de comunicación"
"GoToMeeting","http://www.gotomeeting.com/es-es","Herramientas de comunicación"
"Highfive","https://highfive.com","Herramientas de comunicación"
"Icq","https://icq.com","Herramientas de comunicación"
"Infinite","http://www.infiniteconferencing.com","Herramientas de comunicación"
"West","https://www.westuc.com/en-us","Herramientas de comunicación"
"Jitsi","https://jitsi.org","Herramientas de comunicación"
"Join.me","https://www.join.me/es","Herramientas de comunicación"
"Jostle","http://www.jostle.me","Herramientas de comunicación"
"Lets Chat","http://sdelements.github.io/lets-chat","Herramientas de comunicación"
"lifesize","http://www.lifesize.com","Herramientas de comunicación"
"Linphone","http://www.linphone.org","Herramientas de comunicación"
"Live Conference Pro","http://www.liveconferencepro.com","Herramientas de comunicación"
"Lucid Meetings","http://www.lucidmeetings.com","Herramientas de comunicación"
"LumoFlow","https://lumoflow.com","Herramientas de comunicación"
"Mashme tv","http://www.mashme.tv","Herramientas de comunicación"
"MeetingOne","https://www.meetingone.com","Herramientas de comunicación"
"MeWe","https://mewe.com","Herramientas de comunicación"
"mikogo","https://www.mikogo.com","Herramientas de comunicación"
"MyBB","http://www.mybb.com","Herramientas de comunicación"
"Webinato","http://www.webinato.com/","Herramientas de comunicación"
"ooVoo","http://www.oovoo.com","Herramientas de comunicación"
"PGi iMeet","http://www.pgi.com","Herramientas de comunicación"
"Phorum","http://www.phorum.org","Herramientas de comunicación"
"Quicktopic","http://www.quicktopic.com","Herramientas de comunicación"
"ReadyTalk","https://www.readytalk.com","Herramientas de comunicación"
"RingCentral","http://www.ringcentral.com","Herramientas de comunicación"
"Rocket.Chat","https://rocket.chat","Herramientas de comunicación"
"screenleap","http://www.screenleap.com","Herramientas de comunicación"
"sifonr","http://www.sifonr.com/","Herramientas de comunicación"
"Signal","https://signal.org/es/","Herramientas de comunicación"
"Vonage","https://www.vonage.com.es/","Herramientas de comunicación"
"Skarpline","https://skarpline.com","Herramientas de comunicación"
"Skype","http://www.skype.com/es/","Herramientas de comunicación"
"Slack","https://slack.com/intl/es-es/","Herramientas de comunicación"
"StartMeeting","https://www.startmeeting.com","Herramientas de comunicación"
"Talky","https://talky.io","Herramientas de comunicación"
"Teamviewer","https://www.teamviewer.com/es/","Herramientas de comunicación"
"Telegram","https://telegram.org","Herramientas de comunicación"
"Tibbr","https://www.tibco.com/products/tibbr","Herramientas de comunicación"
"Tixeo","https://www.tixeo.com/videoconferencia-segura/","Herramientas de comunicación"
"Toc","http://toc.im","Herramientas de comunicación"
"TrueConf","http://trueconf.com","Herramientas de comunicación"
"Twchat","http://twchat.com","Herramientas de comunicación"
"Vanilla Forums","https://vanillaforums.com/en/software/","Herramientas de comunicación"
"Veeting rooms","https://www.veeting.com","Herramientas de comunicación"
"VeriShow","http://www.verishow.com","Herramientas de comunicación"
"Viadesk","http://www.viadesk.com","Herramientas de comunicación"
"VideoLink2","https://videolink2me.com/start","Herramientas de comunicación"
"Webex","https://www.webex.com/es/index.html","Herramientas de comunicación"
"WhatsApp","https://www.whatsapp.com","Herramientas de comunicación"
"Zeetings","http://www.zeetings.com","Herramientas de comunicación"
"Zoho Meeting","https://www.zoho.com/meeting","Herramientas de comunicación"
"Zoom","https://zoom.us","Herramientas de comunicación"
"Zulip","https://www.zulip.com","Herramientas de comunicación"
"AlltheFreeStock","http://allthefreestock.com","Imágenes de archivo"
"Death to Stock","http://deathtothestockphoto.com","Imágenes de archivo"
"Freestocks.org","http://freestocks.org","Imágenes de archivo"
"Gratisography","http://www.gratisography.com","Imágenes de archivo"
"ISO Republic","http://isorepublic.com","Imágenes de archivo"
"iStockphoto","http://www.istockphoto.com","Imágenes de archivo"
"Kaboompics","http://kaboompics.com","Imágenes de archivo"
"LibreStock","https://librestock.com","Imágenes de archivo"
"Life of Pix","http://www.lifeofpix.com","Imágenes de archivo"
"NegativeSpace","http://negativespace.co","Imágenes de archivo"
"New Old Stock","http://nos.twnsnd.co","Imágenes de archivo"
"Pixabay","https://pixabay.com","Imágenes de archivo"
"Pexels","https://www.pexels.com","Imágenes de archivo"
"Stocksnap","https://stocksnap.io","Imágenes de archivo"
"Shutterstock","http://www.shutterstock.com","Imágenes de archivo"
"tookapic","https://stock.tookapic.com","Imágenes de archivo"
"Unsplash","https://unsplash.com","Imágenes de archivo"
"Aol Videos","http://on.aol.com","Buscadores y herramientas de video"
"Bing Videos","http://www.bing.com/?scope=video","Buscadores y herramientas de video"
"Clarify","http://clarify.io","Buscadores y herramientas de video"
"DailyMotion","http://www.dailymotion.com","Buscadores y herramientas de video"
"Deturl","http://deturl.com","Buscadores y herramientas de video"
"DownloadHealper","http://www.downloadhelper.net","Buscadores y herramientas de video"
"Earthcam","http://www.earthcam.com","Buscadores y herramientas de video"
"Frame by Frame","https://chrome.google.com/webstore/detail/frame-by-frame-for-youtub/elkadbdicdciddfkdpmaolomehalghio?hl=en-GB","Buscadores y herramientas de video"
"Geosearch","http://www.geosearchtool.com","Buscadores y herramientas de video"
"Internet Archive: Open Source Videos","https://archive.org/details/opensource_movies","Buscadores y herramientas de video"
"LiveLeak","http://www.liveleak.com","Buscadores y herramientas de video"
"Metacafe","http://www.metacafe.com","Buscadores y herramientas de video"
"Metatube","http://www.metatube.com","Buscadores y herramientas de video"
"Veoh","http://www.veoh.com","Buscadores y herramientas de video"
"Vimeo","https://vimeo.com","Buscadores y herramientas de video"
"Yahoo Video Search","http://video.search.yahoo.com","Buscadores y herramientas de video"
"YouTube","https://www.youtube.com","Buscadores y herramientas de video"
"YouTube Data Viewer","https://www.amnestyusa.org/citizenevidence","Buscadores y herramientas de video"
"iTunes Podcasts","http://www.apple.com/itunes/podcasts","Herramientas de radio y podcasts"
"Pocket Casts","http://www.shiftyjelly.com/pocketcasts","Herramientas de radio y podcasts"
"Podcast Chart","http://www.podcastchart.com","Herramientas de radio y podcasts"
"Podkicker","https://play.google.com/store/apps/details?id=ait.podka&hl=en","Herramientas de radio y podcasts"
"Academia","https://www.academia.edu","Recursos académicos y literatura gris"
"Academic Journals","http://www.academicjournals.org","Recursos académicos y literatura gris"
"African Journal Online","http://www.ajol.info","Recursos académicos y literatura gris"
"American Society of Civil Engineers","http://ascelibrary.org","Recursos académicos y literatura gris"
"Base","http://www.base-search.net","Recursos académicos y literatura gris"
"Bibsonomy","http://www.bibsonomy.org","Recursos académicos y literatura gris"
"Cambridge Journals","http://journals.cambridge.org","Recursos académicos y literatura gris"
"The Collection of Computer Science Bibliographies","https://liinwww.ira.uka.de/bibliography/index.html","Recursos académicos y literatura gris"
"Core","https://core.ac.uk/search","Recursos académicos y literatura gris"
"Elsevier","https://www.elsevier.com","Recursos académicos y literatura gris"
"Google Scholar","https://scholar.google.com","Recursos académicos y literatura gris"
"Grey Guide","http://greyguide.isti.cnr.it","Recursos académicos y literatura gris"
"Grey Literature HLWIKI International","https://open.ubc.ca/hlwiki-international/","Recursos académicos y literatura gris"
"Grey Literature Report","http://www.greylit.org","Recursos académicos y literatura gris"
"Grey Literature Strategies","http://greylitstrategies.info","Recursos académicos y literatura gris"
"GreyNet International","http://www.greynet.org","Recursos académicos y literatura gris"
"Journal Guide","https://www.journalguide.com","Recursos académicos y literatura gris"
"Journal Seek","http://journalseek.net","Recursos académicos y literatura gris"
"JSTOR","http://www.jstor.org","Recursos académicos y literatura gris"
"Lazy Scholar","http://www.lazyscholar.org","Recursos académicos y literatura gris"
"Leibniz Information Centre For Science and Technology University Library","https://www.tib.eu/en/search-discover/","Recursos académicos y literatura gris"
"Microsoft Academic","http://academic.research.microsoft.com","Recursos académicos y literatura gris"
"NRC Research Press","http://www.nrcresearchpress.com","Recursos académicos y literatura gris"
"Open Access Scientific Journals","http://www.pagepress.org","Recursos académicos y literatura gris"
"Open Grey","http://www.opengrey.eu","Recursos académicos y literatura gris"
"The Open Syllabus Project","http://opensyllabusproject.org/","Recursos académicos y literatura gris"
"Oxford Journals","http://www.oxfordjournals.org","Recursos académicos y literatura gris"
"PubMed","http://www.ncbi.nlm.nih.gov/pubmed","Recursos académicos y literatura gris"
"Quetzal Search","https://www.quetzal-search.info","Recursos académicos y literatura gris"
"Research Gate","http://www.researchgate.net","Recursos académicos y literatura gris"
"SAGE Journals","http://online.sagepub.com","Recursos académicos y literatura gris"
"ScienceDirect","http://www.sciencedirect.com","Recursos académicos y literatura gris"
"SCIRP","http://www.scirp.org","Recursos académicos y literatura gris"
"Springer","http://link.springer.com","Recursos académicos y literatura gris"
"ScienceDomain","http://www.sciencedomain.org","Recursos académicos y literatura gris"
"Science Publications","http://www.thescipub.com","Recursos académicos y literatura gris"
"Taylor & Francis Online","http://www.tandfonline.com","Recursos académicos y literatura gris"
"Wiley","http://eu.wiley.com","Recursos académicos y literatura gris"
"World Digital Library","http://www.wdl.org","Recursos académicos y literatura gris"
"World Science","http://worldwidescience.org","Recursos académicos y literatura gris"
"Zetoc","http://zetoc.jisc.ac.uk","Recursos académicos y literatura gris"
"Canva","https://www.canva.com","Publicación digital"
"Doclayer","https://standaert.net/doclayer","Publicación digital"
"Issuu","https://issuu.com","Publicación digital"
"Lucidpress","https://www.lucidpress.com","Publicación digital"
"My eBook","http://www.myebook.com","Publicación digital"
"Omeka","http://omeka.org","Publicación digital"
"Yudu","http://yudu.com","Publicación digital"
"AWeber","http://www.aweber.com","Herramientas de marketing"
"BombBomb","http://bombbomb.com","Herramientas de marketing"
"Campayn","http://campayn.com","Herramientas de marketing"
"Canva","https://www.canva.com","Herramientas de marketing"
"ConstantContact","http://www.constantcontact.com","Herramientas de marketing"
"Freshmail(Polaco)","http://freshmail.com","Herramientas de marketing"
"GetResponse","http://www.getresponse.com","Herramientas de marketing"
"iContact","https://www.icontact.com","Herramientas de marketing"
"MadMimi","https://madmimi.com","Herramientas de marketing"
"Mailchimp","http://mailchimp.com","Herramientas de marketing"
"Mailjet","https://www.mailjet.com","Herramientas de marketing"
"Mailup","http://www.mailup.com","Herramientas de marketing"
"Newsletter Creator for Gmail","https://chrome.google.com/webstore/detail/newsletter-creator-for-gm/cihaednhfbocfdiflmpccekcmjepcnmb","Herramientas de marketing"
"sendinblue","https://www.sendinblue.com","Herramientas de marketing"
"Sendicate","https://www.sendicate.net","Herramientas de marketing"
"Sendloop","https://sendloop.com","Herramientas de marketing"
"Signupto","https://www.signupto.com","Herramientas de marketing"
"TinyLetter","http://tinyletter.com","Herramientas de marketing"
"VerticalResponse","http://www.verticalresponse.com","Herramientas de marketing"
"Vision6","http://www.vision6.com.au","Herramientas de marketing"
"Adobe Voice","https://standout.adobe.com/voice","Narración digital"
"Animatron","https://www.animatron.com","Narración digital"
"Animoto","https://animoto.com","Narración digital"
"Atavist","https://atavist.com","Narración digital"
"eStory","https://ejfox.github.io/sStory","Narración digital"
"Exposure","https://exposure.co","Narración digital"
"Klynt","http://www.klynt.net","Narración digital"
"MakeBeliefsComix","http://www.makebeliefscomix.com","Narración digital"
"Neatline","http://neatline.org","Narración digital"
"Odyssey","https://cartodb.github.io/odyssey.js","Narración digital"
"Pageflow","http://pageflow.io","Narración digital"
"Racontr","https://racontr.com","Narración digital"
"RaptMedia","http://www.raptmedia.com","Narración digital"
"RawShorts","http://www.rawshorts.com","Narración digital"
"Shorthand Social","https://shorthand.com/social","Narración digital"
"Adobe Spark","https://spark.adobe.com/es-ES/about/","Narración digital"
"Steller","https://steller.co","Narración digital"
"Storyboard","http://generator.acmi.net.au/storyboard","Narración digital"
"Storyform","https://storyform.co","Narración digital"
"StoryMap","https://storymap.knightlab.com","Narración digital"
"StoryMaps","http://storymaps.arcgis.com","Narración digital"
"Sway","https://sway.com","Narración digital"
"Thinglink","https://www.thinglink.com","Narración digital"
"Tripline","http://www.tripline.net","Narración digital"
"Wevideo","https://www.wevideo.com","Narración digital"
"VideoScribe","http://www.videoscribe.co","Narración digital"
"Amazon Cheap Books","http://www.amazon.com/b?tag=mak041-20&linkCode=as2&ie=UTF8&node=2245146011","Libros y Lectura"
"Blinkist","https://www.blinkist.com","Libros y Lectura"
"Bookbub","https://www.bookbub.com","Libros y Lectura"
"Bookish","https://www.bookish.com","Libros y Lectura"
"Booklikes","http://booklikes.com","Libros y Lectura"
"Bookmate","https://bookmate.com","Libros y Lectura"
"Bookseer","http://bookseer.com","Libros y Lectura"
"Books on the Knob","http://blog.booksontheknob.org","Libros y Lectura"
"Calibre","http://www.calibre-ebook.com","Libros y Lectura"
"Daily Cheap Reads","http://www.dailycheapreads.com","Libros y Lectura"
"ExplainToMe","https://explaintome.herokuapp.com","Libros y Lectura"
"Favobooks","http://favobooks.com","Libros y Lectura"
"Free Kindle Books","http://freekindlebooks.org","Libros y Lectura"
"Gnooks","http://www.gnooks.com","Libros y Lectura"
"Google Books","https://books.google.com","Libros y Lectura"
"Goodreads","http://www.goodreads.com","Libros y Lectura"
"How Long To Read","https://www.howlongtoreadthis.com","Libros y Lectura"
"I love my Kindle","https://ilmk.wordpress.com","Libros y Lectura"
"Internet Archive Texts","http://archive.org/details.php?identifier=texts","Libros y Lectura"
"Jellybooks","https://www.jellybooks.com","Libros y Lectura"
"Just Free Books","http://www.justfreebooks.info","Libros y Lectura"
"KindleNationDay","http://kindlenationdaily.com","Libros y Lectura"
"KindleWorld","http://kindleworld.blogspot.com","Libros y Lectura"
"Leatherbound","http://www.leatherbound.me","Libros y Lectura"
"Lendle","http://lendle.me","Libros y Lectura"
"LibraryThing","https://www.librarything.com","Libros y Lectura"
"Librivox","https://librivox.org","Libros y Lectura"
"Loyal Books","http://www.loyalbooks.com","Libros y Lectura"
"Many Books","http://manybooks.net","Libros y Lectura"
"Narro","https://www.narro.co","Libros y Lectura"
"Open Culture: Free Audiobooks","http://www.openculture.com/freeaudiobooks","Libros y Lectura"
"OpeningtheBook","http://www.openingthebook.com","Libros y Lectura"
"Overdrive","https://www.overdrive.com","Libros y Lectura"
"Pixel of Ink","http://www.pixelofink.com","Libros y Lectura"
"Project Gutenberg","http://www.gutenberg.org","Libros y Lectura"
"Read","https://medium.com/@readapp/introducing-read-for-ios-de4d2799254a#.z3lrigjr7","Libros y Lectura"
"Reader IQ","http://www.ereaderiq.com","Libros y Lectura"
"Readgeek","http://www.readgeek.com","Libros y Lectura"
"Riffle","https://www.rifflebooks.com","Libros y Lectura"
"TasteKid: Books","http://www.tastekid.com/books","Libros y Lectura"
"TheFrugaleReader","http://www.thefrugalereader.com","Libros y Lectura"
"Tinderizer","http://tinderizer.com","Libros y Lectura"
"WhatShouldIReadNext","http://www.whatshouldireadnext.com","Libros y Lectura"
"YourNextRead","http://www.yournextread.com","Libros y Lectura"
"Batchgeo","http://batchgeo.com","Inteligencia geoespacial"
"Bing Maps","http://www.bing.com/maps","Inteligencia geoespacial"
"Colorbrewer","http://colorbrewer2.org","Inteligencia geoespacial"
"CrowdMap","https://crowdmap.com","Inteligencia geoespacial"
"CTLRQ Address Lookup","https://ctrlq.org/maps/address","Inteligencia geoespacial"
"Dominoc925","https://dominoc925-pages.appspot.com/mapplets/cs_mgrs.html","Inteligencia geoespacial"
"DualMaps","http://data.mashedworld.com/dualmaps/map.htm","Inteligencia geoespacial"
"GeoGig","http://geogig.org","Inteligencia geoespacial"
"GeoNames","http://www.geonames.org","Inteligencia geoespacial"
"Esri","http://www.esri.com","Inteligencia geoespacial"
"Flash Earth","http://www.flashearth.com","Inteligencia geoespacial"
"Google Earth","http://www.google.com/earth","Inteligencia geoespacial"
"Google Maps","https://www.google.com/maps","Inteligencia geoespacial"
"Google My Maps","https://www.google.com/maps/about/mymaps","Inteligencia geoespacial"
"GPSVisualizer","http://www.gpsvisualizer.com","Inteligencia geoespacial"
"GrassGIS","http://grass.osgeo.org","Inteligencia geoespacial"
"Here","http://here.com","Inteligencia geoespacial"
"Hyperlapse","https://github.com/TeehanLax/Hyperlapse.js","Inteligencia geoespacial"
"Inspire Geoportal","http://inspire-geoportal.ec.europa.eu","Inteligencia geoespacial"
"InstantAtlas","http://www.instantatlas.com","Inteligencia geoespacial"
"Instant Google Street View","http://www.instantstreetview.com","Inteligencia geoespacial"
"Kartograph","http://kartograph.org","Inteligencia geoespacial"
"Leaflet","http://leafletjs.com","Inteligencia geoespacial"
"MapAList","http://mapalist.com","Inteligencia geoespacial"
"MapBox","https://www.mapbox.com","Inteligencia geoespacial"
"Mapchart.net","https://mapchart.net","Inteligencia geoespacial"
"Maperitive","http://maperitive.net","Inteligencia geoespacial"
"MapHub","https://maphub.net","Inteligencia geoespacial"
"Mapline","https://mapline.com","Inteligencia geoespacial"
"Mapquest","https://www.mapquest.com","Inteligencia geoespacial"
"Modest Maps","http://modestmaps.com","Inteligencia geoespacial"
"NGA GEOINT","https://github.com/ngageoint","Inteligencia geoespacial"
"OpenLayers","http://openlayers.org","Inteligencia geoespacial"
"Polymaps","http://polymaps.org","Inteligencia geoespacial"
"Perry Castaneda Library","https://www.lib.utexas.edu/maps","Inteligencia geoespacial"
"Open Street Map","http://www.openstreetmap.org","Inteligencia geoespacial"
"QGIS","http://qgis.org","Inteligencia geoespacial"
"QuickMaps","https://chrome.google.com/webstore/detail/quick-maps/bgbojmobaekecckmomemopckmeipecij","Inteligencia geoespacial"
"StoryMaps","http://storymaps.arcgis.com/en","Inteligencia geoespacial"
"Scribble Maps","http://scribblemaps.com","Inteligencia geoespacial"
"Terrapattern","http://www.terrapattern.com","Inteligencia geoespacial"
"Tableau","http://www.tableausoftware.com","Inteligencia geoespacial"
"View in Google Earth","http://www.mgmaps.com/kml/#view","Inteligencia geoespacial"
"Wikimapia","http://wikimapia.org","Inteligencia geoespacial"
"WorldMap Harvard","http://worldmap.harvard.edu","Inteligencia geoespacial"
"ViaMichelin","http://www.viamichelin.com","Inteligencia geoespacial"
"Yahoo Maps","https://maps.yahoo.com","Inteligencia geoespacial"
"Zeemaps","https://www.zeemaps.com","Inteligencia geoespacial"
"1st Headlines","http://www.1stheadlines.com","Noticias"
"ABYZNewsLinks","http://www.abyznewslinks.com","Noticias"
"AllYouCanRead","http://www.allyoucanread.com","Noticias"
"Associated France Press (AFP","http://www.afp.com","Noticias"
"BBC News","http://www.bbc.co.uk/news","Noticias"
"Bing News","http://www.bing.com/news","Noticias"
"CNN","http://edition.cnn.com","Noticias"
"DailyEarth","http://dailyearth.com","Noticias"
"DPA International","http://www.dpa-international.com","Noticias"
"Euronews","http://www.euronews.com","Noticias"
"France24","http://www.france24.com","Noticias"
"Google News","https://news.google.com","Noticias"
"Google News Print Archive","http://news.google.com/newspapers","Noticias"
"HeadlineSpot","http://www.headlinespot.com","Noticias"
"Itar-Tass","http://www.itar-tass.com","Noticias"
"List of Newspapers.com","http://www.listofnewspapers.com","Noticias"
"MagPortal","http://www.magportal.com","Noticias"
"News Map","http://newsmap.jp","Noticias"
"News Now","http://www.newsnow.co.uk","Noticias"
"Newseum - Today Front Pages","http://www.newseum.org/todaysfrontpages","Noticias"
"Newslink","http://www.newslink.org","Noticias"
"NewsLookup","http://www.newslookup.com","Noticias"
"Newspaper Map","http://newspapermap.com","Noticias"
"Newspaperindex","http://www.newspaperindex.com","Noticias"
"Newspapers.com","http://www.newspapers.com","Noticias"
"NewsWhip","http://www.newswhip.com","Noticias"
"OnlineNewspapers","http://www.onlinenewspapers.com","Noticias"
"Paperboy","http://www.thepaperboy.com","Noticias"
"PR Newswire","http://www.prnewswire.com","Noticias"
"Reuters","http://www.reuters.com","Noticias"
"Silobreaker","http://www.silobreaker.com","Noticias"
"WorldNews","http://wn.com","Noticias"
"World-Newspapers","http://www.world-newspapers.com","Noticias"
"Yahoo News","http://news.yahoo.com","Noticias"
"Flipboard","https://flipboard.com","Servidores de noticias"
"Inshorts","https://www.inshorts.com","Servidores de noticias"
"News360","https://news360.com","Servidores de noticias"
"NewsBot","https://getnewsbot.com","Servidores de noticias"
"Newsinshorts","http://newsinshorts.com","Servidores de noticias"
"Nuzzle","http://nuzzel.com","Servidores de noticias"
"Spike","http://www.newswhip.com","Servidores de noticias"
"Storyful","http://storyful.com","Servidores de noticias"
"Superdesk","https://www.superdesk.org","Servidores de noticias"
"Trooclick","http://trooclick.com","Servidores de noticias"
"About Urban Legends","http://urbanlegends.about.com","Verificación de hechos"
"Captin Fact","https://captainfact.io/","Verificación de hechos"
"Check","https://meedan.com/check","Verificación de hechos"
"Citizen Desk","https://www.sourcefabric.org/en/citizendesk","Verificación de hechos"
"Emergent","http://www.emergent.info","Verificación de hechos"
"Fact Check","http://www.factcheck.org","Verificación de hechos"
"Full Fact","https://fullfact.org","Verificación de hechos"
"Snopes","http://www.snopes.com","Verificación de hechos"
"Verification Handbook","http://verificationhandbook.com","Verificación de hechos"
"Verification Junkie","http://verificationjunkie.com","Verificación de hechos"
"Bibsonomy","http://www.bibsonomy.org","Herramientas de marcadores"
"Booky","http://booky.io","Herramientas de marcadores"
"ChannelKit","http://channelkit.com","Herramientas de marcadores"
"Clipix","https://www.clipix.com","Herramientas de marcadores"
"Curabase","https://www.curabase.com","Herramientas de marcadores"
"Diigo","https://www.diigo.com","Herramientas de marcadores"
"Dragdis","https://dragdis.com","Herramientas de marcadores"
"Evernote","http://evernote.com","Herramientas de marcadores"
"Dropmark","http://www.dropmark.com","Herramientas de marcadores"
"eLink","https://elink.io","Herramientas de marcadores"
"FAVable","http://www.favable.com","Herramientas de marcadores"
"Google Bookmarks","https://www.google.com/bookmarks","Herramientas de marcadores"
"Instapaper","http://www.instapaper.com","Herramientas de marcadores"
"Juxtapost","http://www.juxtapost.com","Herramientas de marcadores"
"Keeeb","http://keeeb.com","Herramientas de marcadores"
"Klart","https://klart.co","Herramientas de marcadores"
"Linkman Pro","http://www.outertech.com/en/bookmarks-favorites","Herramientas de marcadores"
"LiveBinders","http://www.livebinders.com","Herramientas de marcadores"
"Memonic","http://www.memonic.com","Herramientas de marcadores"
"Microsoft OneNote","http://office.microsoft.com/en-us/onenote","Herramientas de marcadores"
"mochimarks","https://mochimarks.com","Herramientas de marcadores"
"Papaly","https://papaly.com","Herramientas de marcadores"
"Paperwork","https://github.com/twostairs/paperwork","Herramientas de marcadores"
"Pearltrees","http://www.pearltrees.com","Herramientas de marcadores"
"Pocket","http://getpocket.com","Herramientas de marcadores"
"Raindrop","https://raindrop.io","Herramientas de marcadores"
"Refind","https://refind.com","Herramientas de marcadores"
"Scoop.it","http://www.scoop.it","Herramientas de marcadores"
"Scrible","http://www.scrible.com","Herramientas de marcadores"
"Sitehoover","http://www.sitehoover.com","Herramientas de marcadores"
"Stache","http://getstache.com","Herramientas de marcadores"
"start.me","https://www.start.me","Herramientas de marcadores"
"Thinkery","http://thinkery.me","Herramientas de marcadores"
"Trackplanet","https://trackpanel.net","Herramientas de marcadores"
"Wepware","http://www.wepware.com","Herramientas de marcadores"
"Zotero","http://www.zotero.org","Herramientas de marcadores"
"allmyfaves","http://www.allmyfaves.com","Páginas de inicio"
"ighome","http://www.ighome.com","Páginas de inicio"
"iloggo","http://iloggo.com","Páginas de inicio"
"Kadaza","http://www.kadaza.com","Páginas de inicio"
"Myfav.es","http://myfav.es","Páginas de inicio"
"My Yahoo","https://my.yahoo.com","Páginas de inicio"
"Protopage","http://www.protopage.com","Páginas de inicio"
"start.me","https://www.start.me","Páginas de inicio"
"Symbaloo","http://www.symbaloo.com","Páginas de inicio"
"uStart.org","http://www.ustart.org","Páginas de inicio"
"Yourport","http://www.yourport.com","Páginas de inicio"
"Zenstart","http://www.zenstart.com","Páginas de inicio"
"dplyr","https://dplyr.tidyverse.org/","Minería de datos (R)"
"purrr","https://purrr.tidyverse.org/","Minería de datos (R)"
"readxl","https://readxl.tidyverse.org/","Minería de datos (R)"
"readr","https://readr.tidyverse.org/","Minería de datos (R)"
"vroom","https://vroom.r-lib.org/","Minería de datos (R)"
"rio","https://cran.r-project.org/web/packages/rio","Minería de datos (R)"
"tidyxl","https://nacnudus.github.io/tidyxl/","Minería de datos (R)"
"Hmisc","https://cran.r-project.org/web/packages/Hmisc","Minería de datos (R)"
"datapasta","https://github.com/MilesMcBain/datapasta","Minería de datos (R)"
"sqldf","https://github.com/ggrothendieck/sqldf","Minería de datos (R)"
"jsonlite","https://www.opencpu.org/posts/jsonlite-a-smarter-json-encoder/","Minería de datos (R)"
"XML","https://cran.r-project.org/package=XML","Minería de datos (R)"
"httr","https://httr.r-lib.org/","Minería de datos (R)"
"quantmod","https://httr.r-lib.org/articles/quickstart.html","Minería de datos (R)"
"tidyquant","https://business-science.github.io/tidyquant/","Minería de datos (R)"
"rvest","http://rvest.tidyverse.org/","Minería de datos (R)"
"tidyr","https://tidyr.tidyverse.org/","Minería de datos (R)"
"splitstackshape","https://github.com/mrdwab/splitstackshape","Minería de datos (R)"
"magrittr","https://magrittr.tidyverse.org/","Minería de datos (R)"
"validate","https://github.com/data-cleaning/validate","Minería de datos (R)"
"testthat","https://cran.r-project.org/web/packages/testthat","Minería de datos (R)"
"data.table","http://r-datatable.com/","Minería de datos (R)"
"stringr","https://stringr.tidyverse.org/","Minería de datos (R)"
"lubridate","https://lubridate.tidyverse.org/","Minería de datos (R)"
"DataExplorer","https://boxuancui.github.io/DataExplorer/","Minería de datos (R)"
"zoo","https://cran.r-project.org/web/packages/zoo","Minería de datos (R)"
"tsbox","https://www.tsbox.help/","Minería de datos (R)"
"knitr","https://yihui.org/knitr/","Minería de datos (R)"
"remedy","https://thinkr-open.github.io/remedy/","Minería de datos (R)"
"officeR","https://davidgohel.github.io/officer/","Minería de datos (R)"
"listviewer","https://cran.r-project.org/web/packages/listviewer","Minería de datos (R)"
"DT","https://rstudio.github.io/DT/","Minería de datos (R)"
"ggplot2","https://ggplot2.tidyverse.org/","Visualización de datos (R)"
"patchwork","https://github.com/thomasp85/patchwork","Visualización de datos (R)"
"ggforce","https://ggforce.data-imaginist.com/","Visualización de datos (R)"
"esquisse","https://dreamrs.github.io/esquisse","Visualización de datos (R)"
"dygraphs","https://rstudio.github.io/dygraphs/index.html","Visualización de datos (R)"
"googleVis","https://github.com/mages/googleVis","Visualización de datos (R)"
"metricsgraphics","https://cran.r-project.org/web/packages/metricsgraphics/","Visualización de datos (R)"
"taucharts","https://github.com/hrbrmstr/taucharts","Visualización de datos (R)"
"RColorBrewer","https://cran.r-project.org/web/packages/RColorBrewer","Visualización de datos (R)"
"paletteer","https://emilhvitfeldt.github.io/paletteer/","Visualización de datos (R)"
"sf","https://r-spatial.github.io/sf/","Visualización de datos (R)"
"leaflet","https://rstudio.github.io/leaflet/","Mapas (R)"
"ggmap","https://github.com/dkahle/ggmap","Mapas (R)"
"rgeocodio","https://github.com/hrbrmstr/rgeocodio","Mapas (R)"
"tmap","https://github.com/mtennekes/tmap","Mapas (R)"
"colourpicker","https://github.com/daattali/colourpicker","Mapas (R)"
"mapsapi","https://cran.r-project.org/web/packages/mapsapi/vignettes/intro.html","Mapas (R)"
"tidycensus","https://walkerke.github.io/tidycensus/","Minería de datos (R)"
"glue","https://glue.tidyverse.org/","Minería de datos (R)"
"googleanalyticsR","https://code.markedmondson.me/googleAnalyticsR/","Analítica WEB (R)"
"RSiteCatalyst","https://randyzwitch.com/rsitecatalyst/","Analítica WEB (R)"
"roxygen2","https://cran.r-project.org/web/packages/roxygen2","Analítica WEB (R)"
"shiny","https://shiny.rstudio.com/","Visualización de datos (R)"
"flexdashboard","https://rmarkdown.rstudio.com/flexdashboard/","Visualización de datos (R)"
"openxlsx","https://github.com/awalker89/openxlsx","Minería de datos (R)"
"gmodels","https://cran.r-project.org/web/packages/gmodels/index.html","Minería de datos (R)"
"janitor","https://cran.r-project.org/web/packages/janitor/index.html","Minería de datos (R)"
"car","https://cran.r-project.org/web/packages/car","Minería de datos (R)"
"rcdimple","https://github.com/timelyportfolio/rcdimple","Minería de datos (R)"
"scales","https://scales.r-lib.org/","Visualización de datos (R)"
"plotly","https://plot.ly/r/","Visualización de datos (R)"
"highcharter","https://jkunst.com/highcharter/","Visualización de datos (R)"
"profvis","https://rstudio.github.io/profvis/","Visualización de datos (R)"
"tidytext","https://juliasilge.github.io/tidytext/","Minería de datos (R)"
"diffobj","https://cran.r-project.org/web/packages/diffobj","Minería de datos (R)"
"prophet","https://cran.r-project.org/web/packages/prophet","Minería de datos (R)"
"feather","https://blog.rstudio.org/2016/03/29/feather/","Minería de datos (R)"
"fst","https://cran.r-project.org/web/packages/fst","Minería de datos (R)"
"googleAuthR","https://code.markedmondson.me/googleAuthR/","Minería de datos (R)"
"devtools","https://devtools.r-lib.org/","Herramientas (R)"
"remotes","https://remotes.r-lib.org/","Herramientas (R)"
"githubinstall","http://hoxo-m.github.io/githubinstall/","Herramientas (R)"
"installr","https://github.com/talgalili/installr/","Herramientas (R)"
"reinstallr","https://github.com/calligross/reinstallr","Herramientas (R)"
"usethis","https://usethis.r-lib.org/","Herramientas (R)"
"here","https://here.r-lib.org/","Mapas (R)"
"pacman","https://cran.r-project.org/web/packages/pacman","Herramientas (R)"
"plumber","https://www.rplumber.io/","Herramientas (R)"
"echarts4r","https://cran.r-project.org/web/packages/echarts4r","Visualización de datos (R)"
"dataCompareR","https://github.com/capitalone/dataCompareR","Minería de datos (R)"
"cloudyR project","https://cloudyr.github.io/","Herramientas (R)"
"flyio","https://github.com/socialcopsdev/flyio/","Minería de datos (R)"
"geofacet","https://hafen.github.io/geofacet","Visualización de datos (R)"
"reticulate","https://rstudio.github.io/reticulate/","Herramientas (R)"
"slackr","https://github.com/hrbrmstr/slackr","Herramientas (R)"
"beepr","https://cran.r-project.org/web/packages/beepr","Herramientas (R)"
"FOCA","https://www.elevenpaths.com/labstools/foca/index.html","Minería de datos"
"Shodan","https://www.shodan.io/","Buscador especializado"
"Kali Tools","https://tools.kali.org/","Pentest"
"Censys","https://censys.io/","Minería de datos"
"UserSearch","https://www.usersearch.org/","Búsqueda de usuarios"
"Reuser","https://rr.reuser.biz/","Buscador de recursos"
